id,firstname,lastname,email,email2,profession
100,Ulrike,Tomasina,Ulrike.Tomasina@yopmail.com,Ulrike.Tomasina@gmail.com,doctor
101,Verla,Ummersen,Verla.Ummersen@yopmail.com,Verla.Ummersen@gmail.com,worker
102,Orelia,Rugen,Orelia.Rugen@yopmail.com,Orelia.Rugen@gmail.com,developer
103,Beatriz,Diann,Beatriz.Diann@yopmail.com,Beatriz.Diann@gmail.com,developer
104,Ardys,Adlare,Ardys.Adlare@yopmail.com,Ardys.Adlare@gmail.com,developer
105,Marline,Wildermuth,Marline.Wildermuth@yopmail.com,Marline.Wildermuth@gmail.com,doctor
106,Kylynn,Soneson,Kylynn.Soneson@yopmail.com,Kylynn.Soneson@gmail.com,firefighter
107,Joelly,Voletta,Joelly.Voletta@yopmail.com,Joelly.Voletta@gmail.com,developer
108,Kalina,Bates,Kalina.Bates@yopmail.com,Kalina.Bates@gmail.com,police officer
109,Leanna,Linskey,Leanna.Linskey@yopmail.com,Leanna.Linskey@gmail.com,doctor
110,Jessamyn,Beniamino,Jessamyn.Beniamino@yopmail.com,Jessamyn.Beniamino@gmail.com,worker
111,Laure,Argus,Laure.Argus@yopmail.com,Laure.Argus@gmail.com,doctor
112,Kirbee,Vastah,Kirbee.Vastah@yopmail.com,Kirbee.Vastah@gmail.com,worker
113,Gusty,Clywd,Gusty.Clywd@yopmail.com,Gusty.Clywd@gmail.com,police officer
114,Ninnetta,Tufts,Ninnetta.Tufts@yopmail.com,Ninnetta.Tufts@gmail.com,doctor
115,Tina,Jerold,Tina.Jerold@yopmail.com,Tina.Jerold@gmail.com,firefighter
116,Carlie,Blisse,Carlie.Blisse@yopmail.com,Carlie.Blisse@gmail.com,police officer
117,Kamilah,Lytton,Kamilah.Lytton@yopmail.com,Kamilah.Lytton@gmail.com,developer
118,Amara,Stephie,Amara.Stephie@yopmail.com,Amara.Stephie@gmail.com,doctor
119,Penelopa,Kazimir,Penelopa.Kazimir@yopmail.com,Penelopa.Kazimir@gmail.com,developer
120,Olwen,Behre,Olwen.Behre@yopmail.com,Olwen.Behre@gmail.com,worker
121,Cyndie,Magnolia,Cyndie.Magnolia@yopmail.com,Cyndie.Magnolia@gmail.com,worker
122,Merrie,Sandye,Merrie.Sandye@yopmail.com,Merrie.Sandye@gmail.com,worker
123,Di,Boehike,Di.Boehike@yopmail.com,Di.Boehike@gmail.com,doctor
124,Carree,Reneta,Carree.Reneta@yopmail.com,Carree.Reneta@gmail.com,police officer
125,Marita,Malvino,Marita.Malvino@yopmail.com,Marita.Malvino@gmail.com,doctor
126,Felice,Bluh,Felice.Bluh@yopmail.com,Felice.Bluh@gmail.com,developer
127,Marguerite,Ochs,Marguerite.Ochs@yopmail.com,Marguerite.Ochs@gmail.com,developer
128,Karina,Berne,Karina.Berne@yopmail.com,Karina.Berne@gmail.com,doctor
129,Frances,Saunderson,Frances.Saunderson@yopmail.com,Frances.Saunderson@gmail.com,doctor
130,Cissiee,Lunsford,Cissiee.Lunsford@yopmail.com,Cissiee.Lunsford@gmail.com,police officer
131,Lorie,Bahr,Lorie.Bahr@yopmail.com,Lorie.Bahr@gmail.com,doctor
132,Corry,Thema,Corry.Thema@yopmail.com,Corry.Thema@gmail.com,doctor
133,Florie,Ogren,Florie.Ogren@yopmail.com,Florie.Ogren@gmail.com,worker
134,Celene,Hamil,Celene.Hamil@yopmail.com,Celene.Hamil@gmail.com,firefighter
135,Steffane,Hoenack,Steffane.Hoenack@yopmail.com,Steffane.Hoenack@gmail.com,developer
136,Kenna,Silvan,Kenna.Silvan@yopmail.com,Kenna.Silvan@gmail.com,developer
137,Kristina,Orpah,Kristina.Orpah@yopmail.com,Kristina.Orpah@gmail.com,developer
138,Valli,Gahl,Valli.Gahl@yopmail.com,Valli.Gahl@gmail.com,police officer
139,Caressa,Old,Caressa.Old@yopmail.com,Caressa.Old@gmail.com,worker
140,Jaime,Moseley,Jaime.Moseley@yopmail.com,Jaime.Moseley@gmail.com,doctor
141,Hildegaard,Azeria,Hildegaard.Azeria@yopmail.com,Hildegaard.Azeria@gmail.com,firefighter
142,Asia,Hedve,Asia.Hedve@yopmail.com,Asia.Hedve@gmail.com,doctor
143,Gianina,Heisel,Gianina.Heisel@yopmail.com,Gianina.Heisel@gmail.com,worker
144,Charlena,Graig,Charlena.Graig@yopmail.com,Charlena.Graig@gmail.com,developer
145,Dorice,Kevon,Dorice.Kevon@yopmail.com,Dorice.Kevon@gmail.com,worker
146,Margalo,Malanie,Margalo.Malanie@yopmail.com,Margalo.Malanie@gmail.com,developer
147,Shell,Lipson,Shell.Lipson@yopmail.com,Shell.Lipson@gmail.com,doctor
148,Lynea,Barbey,Lynea.Barbey@yopmail.com,Lynea.Barbey@gmail.com,developer
149,Konstance,Garek,Konstance.Garek@yopmail.com,Konstance.Garek@gmail.com,police officer
150,Fawne,Boehike,Fawne.Boehike@yopmail.com,Fawne.Boehike@gmail.com,police officer
151,Jacquetta,Pernick,Jacquetta.Pernick@yopmail.com,Jacquetta.Pernick@gmail.com,developer
152,Renie,Torray,Renie.Torray@yopmail.com,Renie.Torray@gmail.com,police officer
153,Christy,Kolnick,Christy.Kolnick@yopmail.com,Christy.Kolnick@gmail.com,doctor
154,Eugine,Rubie,Eugine.Rubie@yopmail.com,Eugine.Rubie@gmail.com,police officer
155,Dennie,Khorma,Dennie.Khorma@yopmail.com,Dennie.Khorma@gmail.com,doctor
156,Judy,Schenck,Judy.Schenck@yopmail.com,Judy.Schenck@gmail.com,worker
157,Siana,Ehrman,Siana.Ehrman@yopmail.com,Siana.Ehrman@gmail.com,worker
158,Kore,Bibi,Kore.Bibi@yopmail.com,Kore.Bibi@gmail.com,firefighter
159,Dale,Kellby,Dale.Kellby@yopmail.com,Dale.Kellby@gmail.com,worker
160,Sindee,Wadell,Sindee.Wadell@yopmail.com,Sindee.Wadell@gmail.com,developer
161,Florie,Esmaria,Florie.Esmaria@yopmail.com,Florie.Esmaria@gmail.com,firefighter
162,Emma,Lory,Emma.Lory@yopmail.com,Emma.Lory@gmail.com,doctor
163,Delilah,Sacken,Delilah.Sacken@yopmail.com,Delilah.Sacken@gmail.com,developer
164,Rosaline,Llovera,Rosaline.Llovera@yopmail.com,Rosaline.Llovera@gmail.com,worker
165,Tomasina,Allys,Tomasina.Allys@yopmail.com,Tomasina.Allys@gmail.com,developer
166,Fayre,Croix,Fayre.Croix@yopmail.com,Fayre.Croix@gmail.com,worker
167,Nessie,Raul,Nessie.Raul@yopmail.com,Nessie.Raul@gmail.com,firefighter
168,Sashenka,Friede,Sashenka.Friede@yopmail.com,Sashenka.Friede@gmail.com,police officer
169,Annice,Tippets,Annice.Tippets@yopmail.com,Annice.Tippets@gmail.com,police officer
170,Corly,Darrell,Corly.Darrell@yopmail.com,Corly.Darrell@gmail.com,developer
171,Meriel,Henebry,Meriel.Henebry@yopmail.com,Meriel.Henebry@gmail.com,police officer
172,Justinn,Afton,Justinn.Afton@yopmail.com,Justinn.Afton@gmail.com,firefighter
173,Tabbatha,Kunin,Tabbatha.Kunin@yopmail.com,Tabbatha.Kunin@gmail.com,doctor
174,Leona,Oneida,Leona.Oneida@yopmail.com,Leona.Oneida@gmail.com,police officer
175,Dari,Schalles,Dari.Schalles@yopmail.com,Dari.Schalles@gmail.com,firefighter
176,Clo,Clara,Clo.Clara@yopmail.com,Clo.Clara@gmail.com,police officer
177,Shaine,Tomasina,Shaine.Tomasina@yopmail.com,Shaine.Tomasina@gmail.com,doctor
178,Daphne,Mata,Daphne.Mata@yopmail.com,Daphne.Mata@gmail.com,worker
179,Yvonne,Klotz,Yvonne.Klotz@yopmail.com,Yvonne.Klotz@gmail.com,developer
180,Clo,Khorma,Clo.Khorma@yopmail.com,Clo.Khorma@gmail.com,developer
181,Jemie,Jena,Jemie.Jena@yopmail.com,Jemie.Jena@gmail.com,worker
182,Kial,Hathaway,Kial.Hathaway@yopmail.com,Kial.Hathaway@gmail.com,firefighter
183,Korrie,Mandler,Korrie.Mandler@yopmail.com,Korrie.Mandler@gmail.com,doctor
184,Millie,Campball,Millie.Campball@yopmail.com,Millie.Campball@gmail.com,worker
185,Annabela,Juliet,Annabela.Juliet@yopmail.com,Annabela.Juliet@gmail.com,firefighter
186,Alameda,Dudley,Alameda.Dudley@yopmail.com,Alameda.Dudley@gmail.com,worker
187,Mahalia,Raama,Mahalia.Raama@yopmail.com,Mahalia.Raama@gmail.com,worker
188,Lulita,Hathaway,Lulita.Hathaway@yopmail.com,Lulita.Hathaway@gmail.com,worker
189,Frances,Meli,Frances.Meli@yopmail.com,Frances.Meli@gmail.com,police officer
190,Clary,Orpah,Clary.Orpah@yopmail.com,Clary.Orpah@gmail.com,worker
191,Bernie,Greenwald,Bernie.Greenwald@yopmail.com,Bernie.Greenwald@gmail.com,developer
192,Mildrid,Wilkinson,Mildrid.Wilkinson@yopmail.com,Mildrid.Wilkinson@gmail.com,doctor
193,Mamie,Merell,Mamie.Merell@yopmail.com,Mamie.Merell@gmail.com,worker
194,Merry,Gombach,Merry.Gombach@yopmail.com,Merry.Gombach@gmail.com,worker
195,Addia,Cottle,Addia.Cottle@yopmail.com,Addia.Cottle@gmail.com,worker
196,Candy,McNully,Candy.McNully@yopmail.com,Candy.McNully@gmail.com,police officer
197,Ada,Pauly,Ada.Pauly@yopmail.com,Ada.Pauly@gmail.com,firefighter
198,Kittie,Peonir,Kittie.Peonir@yopmail.com,Kittie.Peonir@gmail.com,doctor
199,Leanna,Colyer,Leanna.Colyer@yopmail.com,Leanna.Colyer@gmail.com,worker
200,Frieda,Odysseus,Frieda.Odysseus@yopmail.com,Frieda.Odysseus@gmail.com,developer
201,Henriette,Cleavland,Henriette.Cleavland@yopmail.com,Henriette.Cleavland@gmail.com,firefighter
202,Lindie,Girardo,Lindie.Girardo@yopmail.com,Lindie.Girardo@gmail.com,firefighter
203,Judy,Ursulette,Judy.Ursulette@yopmail.com,Judy.Ursulette@gmail.com,worker
204,Sheree,Brittani,Sheree.Brittani@yopmail.com,Sheree.Brittani@gmail.com,police officer
205,Candy,Nore,Candy.Nore@yopmail.com,Candy.Nore@gmail.com,worker
206,Wilma,Ivens,Wilma.Ivens@yopmail.com,Wilma.Ivens@gmail.com,doctor
207,Dolli,Elsinore,Dolli.Elsinore@yopmail.com,Dolli.Elsinore@gmail.com,firefighter
208,Kayla,Kellby,Kayla.Kellby@yopmail.com,Kayla.Kellby@gmail.com,firefighter
209,Zondra,Odell,Zondra.Odell@yopmail.com,Zondra.Odell@gmail.com,doctor
210,Maurene,Thilda,Maurene.Thilda@yopmail.com,Maurene.Thilda@gmail.com,firefighter
211,Kayla,Moina,Kayla.Moina@yopmail.com,Kayla.Moina@gmail.com,firefighter
212,Therine,Keelia,Therine.Keelia@yopmail.com,Therine.Keelia@gmail.com,police officer
213,Marline,Shelba,Marline.Shelba@yopmail.com,Marline.Shelba@gmail.com,doctor
214,Isa,Rocray,Isa.Rocray@yopmail.com,Isa.Rocray@gmail.com,worker
215,Kassey,Euridice,Kassey.Euridice@yopmail.com,Kassey.Euridice@gmail.com,firefighter
216,Angela,Elsinore,Angela.Elsinore@yopmail.com,Angela.Elsinore@gmail.com,doctor
217,Gusty,Estella,Gusty.Estella@yopmail.com,Gusty.Estella@gmail.com,police officer
218,Lisette,Mata,Lisette.Mata@yopmail.com,Lisette.Mata@gmail.com,police officer
219,Arlena,Lane,Arlena.Lane@yopmail.com,Arlena.Lane@gmail.com,firefighter
220,Orelia,Astra,Orelia.Astra@yopmail.com,Orelia.Astra@gmail.com,doctor
221,Pollyanna,Berne,Pollyanna.Berne@yopmail.com,Pollyanna.Berne@gmail.com,developer
222,Ginnie,Koehler,Ginnie.Koehler@yopmail.com,Ginnie.Koehler@gmail.com,police officer
223,Orsola,McNully,Orsola.McNully@yopmail.com,Orsola.McNully@gmail.com,firefighter
224,Benita,Voletta,Benita.Voletta@yopmail.com,Benita.Voletta@gmail.com,developer
225,Mignon,Cristi,Mignon.Cristi@yopmail.com,Mignon.Cristi@gmail.com,police officer
226,Elise,Trey,Elise.Trey@yopmail.com,Elise.Trey@gmail.com,developer
227,Selia,Kaja,Selia.Kaja@yopmail.com,Selia.Kaja@gmail.com,worker
228,Esmeralda,Brodench,Esmeralda.Brodench@yopmail.com,Esmeralda.Brodench@gmail.com,worker
229,Valli,Ulphia,Valli.Ulphia@yopmail.com,Valli.Ulphia@gmail.com,developer
230,Daphne,Thema,Daphne.Thema@yopmail.com,Daphne.Thema@gmail.com,worker
231,Hayley,Boycey,Hayley.Boycey@yopmail.com,Hayley.Boycey@gmail.com,developer
232,Jordan,Judye,Jordan.Judye@yopmail.com,Jordan.Judye@gmail.com,developer
233,Lorne,Wenda,Lorne.Wenda@yopmail.com,Lorne.Wenda@gmail.com,worker
234,Therine,Allare,Therine.Allare@yopmail.com,Therine.Allare@gmail.com,police officer
235,Marleah,Natalia,Marleah.Natalia@yopmail.com,Marleah.Natalia@gmail.com,worker
236,Taffy,Muriel,Taffy.Muriel@yopmail.com,Taffy.Muriel@gmail.com,doctor
237,Zaria,Weitman,Zaria.Weitman@yopmail.com,Zaria.Weitman@gmail.com,developer
238,Renie,Heidt,Renie.Heidt@yopmail.com,Renie.Heidt@gmail.com,firefighter
239,Cam,Prober,Cam.Prober@yopmail.com,Cam.Prober@gmail.com,firefighter
240,Deedee,Zrike,Deedee.Zrike@yopmail.com,Deedee.Zrike@gmail.com,developer
241,Myriam,Madelene,Myriam.Madelene@yopmail.com,Myriam.Madelene@gmail.com,firefighter
242,Amii,Etom,Amii.Etom@yopmail.com,Amii.Etom@gmail.com,police officer
243,Meghann,Tamar,Meghann.Tamar@yopmail.com,Meghann.Tamar@gmail.com,developer
244,Neila,Cornelia,Neila.Cornelia@yopmail.com,Neila.Cornelia@gmail.com,firefighter
245,Dolli,Hilbert,Dolli.Hilbert@yopmail.com,Dolli.Hilbert@gmail.com,worker
246,Helsa,Burnside,Helsa.Burnside@yopmail.com,Helsa.Burnside@gmail.com,police officer
247,Monika,Zachary,Monika.Zachary@yopmail.com,Monika.Zachary@gmail.com,police officer
248,Ardeen,Middleton,Ardeen.Middleton@yopmail.com,Ardeen.Middleton@gmail.com,police officer
249,Anica,Sprage,Anica.Sprage@yopmail.com,Anica.Sprage@gmail.com,worker
250,Allis,Bibi,Allis.Bibi@yopmail.com,Allis.Bibi@gmail.com,doctor
251,Myriam,Revkah,Myriam.Revkah@yopmail.com,Myriam.Revkah@gmail.com,developer
252,Ivett,Mendez,Ivett.Mendez@yopmail.com,Ivett.Mendez@gmail.com,firefighter
253,Rosene,Bonilla,Rosene.Bonilla@yopmail.com,Rosene.Bonilla@gmail.com,developer
254,Carlie,Linskey,Carlie.Linskey@yopmail.com,Carlie.Linskey@gmail.com,worker
255,Tonia,Fadiman,Tonia.Fadiman@yopmail.com,Tonia.Fadiman@gmail.com,police officer
256,Ardeen,Gordon,Ardeen.Gordon@yopmail.com,Ardeen.Gordon@gmail.com,firefighter
257,Flory,Alwin,Flory.Alwin@yopmail.com,Flory.Alwin@gmail.com,developer
258,Riannon,Natica,Riannon.Natica@yopmail.com,Riannon.Natica@gmail.com,developer
259,Siana,Norrie,Siana.Norrie@yopmail.com,Siana.Norrie@gmail.com,firefighter
260,Frieda,Chinua,Frieda.Chinua@yopmail.com,Frieda.Chinua@gmail.com,police officer
261,Bertine,Lia,Bertine.Lia@yopmail.com,Bertine.Lia@gmail.com,developer
262,Gui,Land,Gui.Land@yopmail.com,Gui.Land@gmail.com,worker
263,Lily,Janith,Lily.Janith@yopmail.com,Lily.Janith@gmail.com,firefighter
264,Krystle,Berriman,Krystle.Berriman@yopmail.com,Krystle.Berriman@gmail.com,worker
265,Augustine,Schwejda,Augustine.Schwejda@yopmail.com,Augustine.Schwejda@gmail.com,firefighter
266,Gianina,Ivens,Gianina.Ivens@yopmail.com,Gianina.Ivens@gmail.com,police officer
267,Dolli,Carlson,Dolli.Carlson@yopmail.com,Dolli.Carlson@gmail.com,developer
268,Teriann,Ciapas,Teriann.Ciapas@yopmail.com,Teriann.Ciapas@gmail.com,firefighter
269,Jobi,Idelia,Jobi.Idelia@yopmail.com,Jobi.Idelia@gmail.com,firefighter
270,Gilda,Maryanne,Gilda.Maryanne@yopmail.com,Gilda.Maryanne@gmail.com,police officer
271,Maurene,Uund,Maurene.Uund@yopmail.com,Maurene.Uund@gmail.com,police officer
272,Ermengarde,Ricarda,Ermengarde.Ricarda@yopmail.com,Ermengarde.Ricarda@gmail.com,doctor
273,Ricky,Leffen,Ricky.Leffen@yopmail.com,Ricky.Leffen@gmail.com,developer
274,Marinna,Jagir,Marinna.Jagir@yopmail.com,Marinna.Jagir@gmail.com,doctor
275,Keelia,Trace,Keelia.Trace@yopmail.com,Keelia.Trace@gmail.com,firefighter
276,Felice,Vins,Felice.Vins@yopmail.com,Felice.Vins@gmail.com,doctor
277,Kial,Allys,Kial.Allys@yopmail.com,Kial.Allys@gmail.com,firefighter
278,Devina,Catie,Devina.Catie@yopmail.com,Devina.Catie@gmail.com,developer
279,Brietta,Rodmann,Brietta.Rodmann@yopmail.com,Brietta.Rodmann@gmail.com,firefighter
280,Aubrie,Marden,Aubrie.Marden@yopmail.com,Aubrie.Marden@gmail.com,doctor
281,Deedee,Knowling,Deedee.Knowling@yopmail.com,Deedee.Knowling@gmail.com,worker
282,Jennica,Cohdwell,Jennica.Cohdwell@yopmail.com,Jennica.Cohdwell@gmail.com,developer
283,Sarette,Wareing,Sarette.Wareing@yopmail.com,Sarette.Wareing@gmail.com,developer
284,Andeee,Phi,Andeee.Phi@yopmail.com,Andeee.Phi@gmail.com,doctor
285,Margarette,Juan,Margarette.Juan@yopmail.com,Margarette.Juan@gmail.com,worker
286,Cyndie,Grosz,Cyndie.Grosz@yopmail.com,Cyndie.Grosz@gmail.com,worker
287,Michaelina,Jacobah,Michaelina.Jacobah@yopmail.com,Michaelina.Jacobah@gmail.com,firefighter
288,Melisent,Forrer,Melisent.Forrer@yopmail.com,Melisent.Forrer@gmail.com,firefighter
289,Tressa,Sprage,Tressa.Sprage@yopmail.com,Tressa.Sprage@gmail.com,developer
290,Raf,Weide,Raf.Weide@yopmail.com,Raf.Weide@gmail.com,worker
291,Kate,Suanne,Kate.Suanne@yopmail.com,Kate.Suanne@gmail.com,doctor
292,Yvonne,Johnsson,Yvonne.Johnsson@yopmail.com,Yvonne.Johnsson@gmail.com,doctor
293,Lanae,Calhoun,Lanae.Calhoun@yopmail.com,Lanae.Calhoun@gmail.com,doctor
294,Korrie,Imelida,Korrie.Imelida@yopmail.com,Korrie.Imelida@gmail.com,developer
295,Lanae,Tremayne,Lanae.Tremayne@yopmail.com,Lanae.Tremayne@gmail.com,worker
296,Amelia,Lorenz,Amelia.Lorenz@yopmail.com,Amelia.Lorenz@gmail.com,developer
297,Tilly,Lissi,Tilly.Lissi@yopmail.com,Tilly.Lissi@gmail.com,police officer
298,Danika,Letsou,Danika.Letsou@yopmail.com,Danika.Letsou@gmail.com,doctor
299,Almeta,Suanne,Almeta.Suanne@yopmail.com,Almeta.Suanne@gmail.com,doctor
300,Harrietta,Auberbach,Harrietta.Auberbach@yopmail.com,Harrietta.Auberbach@gmail.com,worker
301,Collen,Joni,Collen.Joni@yopmail.com,Collen.Joni@gmail.com,doctor
302,Rori,Old,Rori.Old@yopmail.com,Rori.Old@gmail.com,firefighter
303,Mahalia,Penelopa,Mahalia.Penelopa@yopmail.com,Mahalia.Penelopa@gmail.com,firefighter
304,Genevra,Tybald,Genevra.Tybald@yopmail.com,Genevra.Tybald@gmail.com,worker
305,Ethel,Delila,Ethel.Delila@yopmail.com,Ethel.Delila@gmail.com,doctor
306,Modestia,Chem,Modestia.Chem@yopmail.com,Modestia.Chem@gmail.com,developer
307,Tierney,Lewes,Tierney.Lewes@yopmail.com,Tierney.Lewes@gmail.com,police officer
308,Eadie,Cimbura,Eadie.Cimbura@yopmail.com,Eadie.Cimbura@gmail.com,firefighter
309,Alyda,Neils,Alyda.Neils@yopmail.com,Alyda.Neils@gmail.com,police officer
310,Margette,Marcellus,Margette.Marcellus@yopmail.com,Margette.Marcellus@gmail.com,doctor
311,Winny,Vivle,Winny.Vivle@yopmail.com,Winny.Vivle@gmail.com,doctor
312,Babita,Miru,Babita.Miru@yopmail.com,Babita.Miru@gmail.com,firefighter
313,Asia,Nelsen,Asia.Nelsen@yopmail.com,Asia.Nelsen@gmail.com,developer
314,Deane,Decato,Deane.Decato@yopmail.com,Deane.Decato@gmail.com,firefighter
315,Nollie,Tryck,Nollie.Tryck@yopmail.com,Nollie.Tryck@gmail.com,worker
316,Adore,Billye,Adore.Billye@yopmail.com,Adore.Billye@gmail.com,developer
317,Nessie,Gregrory,Nessie.Gregrory@yopmail.com,Nessie.Gregrory@gmail.com,police officer
318,Joane,Ackerley,Joane.Ackerley@yopmail.com,Joane.Ackerley@gmail.com,doctor
319,Kristina,Lumbard,Kristina.Lumbard@yopmail.com,Kristina.Lumbard@gmail.com,doctor
320,Brena,Syd,Brena.Syd@yopmail.com,Brena.Syd@gmail.com,worker
321,Margalo,Olnee,Margalo.Olnee@yopmail.com,Margalo.Olnee@gmail.com,police officer
322,Althea,Decato,Althea.Decato@yopmail.com,Althea.Decato@gmail.com,worker
323,Leontine,Bertold,Leontine.Bertold@yopmail.com,Leontine.Bertold@gmail.com,firefighter
324,Jaime,Smitt,Jaime.Smitt@yopmail.com,Jaime.Smitt@gmail.com,doctor
325,Christal,Garbe,Christal.Garbe@yopmail.com,Christal.Garbe@gmail.com,police officer
326,Phylis,Hutchison,Phylis.Hutchison@yopmail.com,Phylis.Hutchison@gmail.com,firefighter
327,Pollyanna,Taam,Pollyanna.Taam@yopmail.com,Pollyanna.Taam@gmail.com,police officer
328,Marline,Vivle,Marline.Vivle@yopmail.com,Marline.Vivle@gmail.com,firefighter
329,Corene,Cecile,Corene.Cecile@yopmail.com,Corene.Cecile@gmail.com,worker
330,Corina,Waite,Corina.Waite@yopmail.com,Corina.Waite@gmail.com,worker
331,Ariela,Orpah,Ariela.Orpah@yopmail.com,Ariela.Orpah@gmail.com,firefighter
332,Nataline,Denis,Nataline.Denis@yopmail.com,Nataline.Denis@gmail.com,developer
333,Atlanta,Gordon,Atlanta.Gordon@yopmail.com,Atlanta.Gordon@gmail.com,police officer
334,Marleah,Bach,Marleah.Bach@yopmail.com,Marleah.Bach@gmail.com,police officer
335,Gilda,Randene,Gilda.Randene@yopmail.com,Gilda.Randene@gmail.com,police officer
336,Lynnea,Percy,Lynnea.Percy@yopmail.com,Lynnea.Percy@gmail.com,police officer
337,Bettine,Hortensia,Bettine.Hortensia@yopmail.com,Bettine.Hortensia@gmail.com,doctor
338,Caressa,Tound,Caressa.Tound@yopmail.com,Caressa.Tound@gmail.com,doctor
339,Pamella,Posner,Pamella.Posner@yopmail.com,Pamella.Posner@gmail.com,developer
340,Amara,Quinn,Amara.Quinn@yopmail.com,Amara.Quinn@gmail.com,developer
341,Aurore,Hillel,Aurore.Hillel@yopmail.com,Aurore.Hillel@gmail.com,worker
342,Minda,Marden,Minda.Marden@yopmail.com,Minda.Marden@gmail.com,doctor
343,Renie,Tybald,Renie.Tybald@yopmail.com,Renie.Tybald@gmail.com,developer
344,Brana,Brian,Brana.Brian@yopmail.com,Brana.Brian@gmail.com,firefighter
345,Theodora,Wittie,Theodora.Wittie@yopmail.com,Theodora.Wittie@gmail.com,police officer
346,Rhoda,Paton,Rhoda.Paton@yopmail.com,Rhoda.Paton@gmail.com,police officer
347,Keelia,Iiette,Keelia.Iiette@yopmail.com,Keelia.Iiette@gmail.com,doctor
348,Albertina,Brittani,Albertina.Brittani@yopmail.com,Albertina.Brittani@gmail.com,firefighter
349,Dominga,Lubin,Dominga.Lubin@yopmail.com,Dominga.Lubin@gmail.com,worker
350,Dawn,Aloise,Dawn.Aloise@yopmail.com,Dawn.Aloise@gmail.com,worker
351,Gisela,Morgun,Gisela.Morgun@yopmail.com,Gisela.Morgun@gmail.com,firefighter
352,Goldie,Sibyls,Goldie.Sibyls@yopmail.com,Goldie.Sibyls@gmail.com,firefighter
353,Doro,Schenck,Doro.Schenck@yopmail.com,Doro.Schenck@gmail.com,worker
354,Ingrid,Zitvaa,Ingrid.Zitvaa@yopmail.com,Ingrid.Zitvaa@gmail.com,developer
355,Mamie,Bertold,Mamie.Bertold@yopmail.com,Mamie.Bertold@gmail.com,worker
356,Shaylyn,Cimbura,Shaylyn.Cimbura@yopmail.com,Shaylyn.Cimbura@gmail.com,doctor
357,Valeda,Jalbert,Valeda.Jalbert@yopmail.com,Valeda.Jalbert@gmail.com,doctor
358,Candi,Gamaliel,Candi.Gamaliel@yopmail.com,Candi.Gamaliel@gmail.com,developer
359,Tybie,Regan,Tybie.Regan@yopmail.com,Tybie.Regan@gmail.com,police officer
360,Shaine,Wu,Shaine.Wu@yopmail.com,Shaine.Wu@gmail.com,developer
361,Barbi,Vanni,Barbi.Vanni@yopmail.com,Barbi.Vanni@gmail.com,firefighter
362,Elyssa,Swanhildas,Elyssa.Swanhildas@yopmail.com,Elyssa.Swanhildas@gmail.com,worker
363,Lelah,Faso,Lelah.Faso@yopmail.com,Lelah.Faso@gmail.com,worker
364,Margette,Wiener,Margette.Wiener@yopmail.com,Margette.Wiener@gmail.com,firefighter
365,Frieda,Couture,Frieda.Couture@yopmail.com,Frieda.Couture@gmail.com,worker
366,Gale,Keily,Gale.Keily@yopmail.com,Gale.Keily@gmail.com,police officer
367,Tobe,Palocz,Tobe.Palocz@yopmail.com,Tobe.Palocz@gmail.com,developer
368,Kamilah,Concha,Kamilah.Concha@yopmail.com,Kamilah.Concha@gmail.com,developer
369,Marylou,Ajay,Marylou.Ajay@yopmail.com,Marylou.Ajay@gmail.com,police officer
370,Lita,Florina,Lita.Florina@yopmail.com,Lita.Florina@gmail.com,doctor
371,Chandra,Stover,Chandra.Stover@yopmail.com,Chandra.Stover@gmail.com,firefighter
372,Rivalee,Denis,Rivalee.Denis@yopmail.com,Rivalee.Denis@gmail.com,developer
373,Benita,Monk,Benita.Monk@yopmail.com,Benita.Monk@gmail.com,firefighter
374,Alia,Anselmi,Alia.Anselmi@yopmail.com,Alia.Anselmi@gmail.com,worker
375,Joy,Francyne,Joy.Francyne@yopmail.com,Joy.Francyne@gmail.com,worker
376,Nadine,Pond,Nadine.Pond@yopmail.com,Nadine.Pond@gmail.com,police officer
377,Abbie,Orelee,Abbie.Orelee@yopmail.com,Abbie.Orelee@gmail.com,developer
378,Wanda,Yoko,Wanda.Yoko@yopmail.com,Wanda.Yoko@gmail.com,police officer
379,Ricky,Fax,Ricky.Fax@yopmail.com,Ricky.Fax@gmail.com,police officer
380,Leeanne,Mallon,Leeanne.Mallon@yopmail.com,Leeanne.Mallon@gmail.com,doctor
381,Pearline,Drus,Pearline.Drus@yopmail.com,Pearline.Drus@gmail.com,doctor
382,Michaelina,Atcliffe,Michaelina.Atcliffe@yopmail.com,Michaelina.Atcliffe@gmail.com,developer
383,Marline,Ariella,Marline.Ariella@yopmail.com,Marline.Ariella@gmail.com,doctor
384,Alyda,Schwejda,Alyda.Schwejda@yopmail.com,Alyda.Schwejda@gmail.com,firefighter
385,Catharine,Melony,Catharine.Melony@yopmail.com,Catharine.Melony@gmail.com,developer
386,Fred,Croix,Fred.Croix@yopmail.com,Fred.Croix@gmail.com,worker
387,Valeda,Behre,Valeda.Behre@yopmail.com,Valeda.Behre@gmail.com,developer
388,Ileana,Lanita,Ileana.Lanita@yopmail.com,Ileana.Lanita@gmail.com,developer
389,Kary,Gino,Kary.Gino@yopmail.com,Kary.Gino@gmail.com,police officer
390,Kore,Virgin,Kore.Virgin@yopmail.com,Kore.Virgin@gmail.com,firefighter
391,Cassondra,Sasnett,Cassondra.Sasnett@yopmail.com,Cassondra.Sasnett@gmail.com,doctor
392,Elbertina,Jess,Elbertina.Jess@yopmail.com,Elbertina.Jess@gmail.com,worker
393,Chloris,Konyn,Chloris.Konyn@yopmail.com,Chloris.Konyn@gmail.com,firefighter
394,Thalia,Read,Thalia.Read@yopmail.com,Thalia.Read@gmail.com,firefighter
395,Merci,Docilla,Merci.Docilla@yopmail.com,Merci.Docilla@gmail.com,developer
396,Hermione,Zaslow,Hermione.Zaslow@yopmail.com,Hermione.Zaslow@gmail.com,police officer
397,Penelopa,Letsou,Penelopa.Letsou@yopmail.com,Penelopa.Letsou@gmail.com,worker
398,Kenna,Ricarda,Kenna.Ricarda@yopmail.com,Kenna.Ricarda@gmail.com,worker
399,Aurelie,Bergman,Aurelie.Bergman@yopmail.com,Aurelie.Bergman@gmail.com,worker
400,Anthia,Xerxes,Anthia.Xerxes@yopmail.com,Anthia.Xerxes@gmail.com,police officer
401,Jemie,Bryna,Jemie.Bryna@yopmail.com,Jemie.Bryna@gmail.com,police officer
402,Jemie,Chinua,Jemie.Chinua@yopmail.com,Jemie.Chinua@gmail.com,doctor
403,Rayna,Jenness,Rayna.Jenness@yopmail.com,Rayna.Jenness@gmail.com,doctor
404,Elvira,Norrie,Elvira.Norrie@yopmail.com,Elvira.Norrie@gmail.com,worker
405,Corly,Glovsky,Corly.Glovsky@yopmail.com,Corly.Glovsky@gmail.com,developer
406,Gabriellia,Kolnick,Gabriellia.Kolnick@yopmail.com,Gabriellia.Kolnick@gmail.com,worker
407,Elise,Myrilla,Elise.Myrilla@yopmail.com,Elise.Myrilla@gmail.com,police officer
408,Candi,Birdella,Candi.Birdella@yopmail.com,Candi.Birdella@gmail.com,doctor
409,Helsa,Holtz,Helsa.Holtz@yopmail.com,Helsa.Holtz@gmail.com,worker
410,Rosabelle,Halsey,Rosabelle.Halsey@yopmail.com,Rosabelle.Halsey@gmail.com,firefighter
411,Cordi,Cohdwell,Cordi.Cohdwell@yopmail.com,Cordi.Cohdwell@gmail.com,developer
412,Vonny,Teryn,Vonny.Teryn@yopmail.com,Vonny.Teryn@gmail.com,developer
413,Rosene,Mehalek,Rosene.Mehalek@yopmail.com,Rosene.Mehalek@gmail.com,developer
414,Dorothy,Weaks,Dorothy.Weaks@yopmail.com,Dorothy.Weaks@gmail.com,doctor
415,Maye,Peg,Maye.Peg@yopmail.com,Maye.Peg@gmail.com,developer
416,Helsa,Maiah,Helsa.Maiah@yopmail.com,Helsa.Maiah@gmail.com,doctor
417,Dale,Nester,Dale.Nester@yopmail.com,Dale.Nester@gmail.com,police officer
418,Noelle,Gino,Noelle.Gino@yopmail.com,Noelle.Gino@gmail.com,doctor
419,Marline,Rheingold,Marline.Rheingold@yopmail.com,Marline.Rheingold@gmail.com,developer
420,Eve,Middleton,Eve.Middleton@yopmail.com,Eve.Middleton@gmail.com,police officer
421,Kayla,Abbot,Kayla.Abbot@yopmail.com,Kayla.Abbot@gmail.com,developer
422,Alejandra,Even,Alejandra.Even@yopmail.com,Alejandra.Even@gmail.com,worker
423,Hope,Alva,Hope.Alva@yopmail.com,Hope.Alva@gmail.com,firefighter
424,Tierney,Curren,Tierney.Curren@yopmail.com,Tierney.Curren@gmail.com,developer
425,Ardys,Brieta,Ardys.Brieta@yopmail.com,Ardys.Brieta@gmail.com,police officer
426,Shauna,Donoghue,Shauna.Donoghue@yopmail.com,Shauna.Donoghue@gmail.com,worker
427,Korrie,Halla,Korrie.Halla@yopmail.com,Korrie.Halla@gmail.com,doctor
428,Dorene,Poll,Dorene.Poll@yopmail.com,Dorene.Poll@gmail.com,worker
429,Magdalena,Burkle,Magdalena.Burkle@yopmail.com,Magdalena.Burkle@gmail.com,firefighter
430,Jobi,Dreda,Jobi.Dreda@yopmail.com,Jobi.Dreda@gmail.com,police officer
431,Nikki,Peg,Nikki.Peg@yopmail.com,Nikki.Peg@gmail.com,doctor
432,Jeanna,Ummersen,Jeanna.Ummersen@yopmail.com,Jeanna.Ummersen@gmail.com,police officer
433,Wilma,Charity,Wilma.Charity@yopmail.com,Wilma.Charity@gmail.com,firefighter
434,Ardenia,Claudine,Ardenia.Claudine@yopmail.com,Ardenia.Claudine@gmail.com,firefighter
435,Susan,Lemuela,Susan.Lemuela@yopmail.com,Susan.Lemuela@gmail.com,worker
436,Loree,Muriel,Loree.Muriel@yopmail.com,Loree.Muriel@gmail.com,firefighter
437,Clo,Bartlett,Clo.Bartlett@yopmail.com,Clo.Bartlett@gmail.com,police officer
438,Merry,Gladstone,Merry.Gladstone@yopmail.com,Merry.Gladstone@gmail.com,worker
439,Rori,Carlson,Rori.Carlson@yopmail.com,Rori.Carlson@gmail.com,worker
440,Ekaterina,Wareing,Ekaterina.Wareing@yopmail.com,Ekaterina.Wareing@gmail.com,worker
441,Jenilee,Phi,Jenilee.Phi@yopmail.com,Jenilee.Phi@gmail.com,worker
442,Gale,Woodberry,Gale.Woodberry@yopmail.com,Gale.Woodberry@gmail.com,developer
443,Miquela,Vanni,Miquela.Vanni@yopmail.com,Miquela.Vanni@gmail.com,firefighter
444,Aryn,Michella,Aryn.Michella@yopmail.com,Aryn.Michella@gmail.com,worker
445,Gwyneth,Mandler,Gwyneth.Mandler@yopmail.com,Gwyneth.Mandler@gmail.com,police officer
446,Myrtice,Seagraves,Myrtice.Seagraves@yopmail.com,Myrtice.Seagraves@gmail.com,firefighter
447,Clary,Alejoa,Clary.Alejoa@yopmail.com,Clary.Alejoa@gmail.com,doctor
448,Minda,Zamora,Minda.Zamora@yopmail.com,Minda.Zamora@gmail.com,worker
449,Neila,Dunkin,Neila.Dunkin@yopmail.com,Neila.Dunkin@gmail.com,police officer
450,Raquela,Gherardo,Raquela.Gherardo@yopmail.com,Raquela.Gherardo@gmail.com,developer
451,Katleen,Bahr,Katleen.Bahr@yopmail.com,Katleen.Bahr@gmail.com,police officer
452,Dacia,Robertson,Dacia.Robertson@yopmail.com,Dacia.Robertson@gmail.com,police officer
453,Jenda,Flita,Jenda.Flita@yopmail.com,Jenda.Flita@gmail.com,worker
454,Fayre,Ruvolo,Fayre.Ruvolo@yopmail.com,Fayre.Ruvolo@gmail.com,developer
455,Nita,Chrystel,Nita.Chrystel@yopmail.com,Nita.Chrystel@gmail.com,worker
456,Jsandye,Lynn,Jsandye.Lynn@yopmail.com,Jsandye.Lynn@gmail.com,doctor
457,Fanchon,Suk,Fanchon.Suk@yopmail.com,Fanchon.Suk@gmail.com,police officer
458,Cordi,Papageno,Cordi.Papageno@yopmail.com,Cordi.Papageno@gmail.com,worker
459,Mildrid,Neva,Mildrid.Neva@yopmail.com,Mildrid.Neva@gmail.com,firefighter
460,Kalina,Fry,Kalina.Fry@yopmail.com,Kalina.Fry@gmail.com,police officer
461,Nelle,Lynn,Nelle.Lynn@yopmail.com,Nelle.Lynn@gmail.com,doctor
462,Carilyn,Alice,Carilyn.Alice@yopmail.com,Carilyn.Alice@gmail.com,firefighter
463,Gratia,Kirstin,Gratia.Kirstin@yopmail.com,Gratia.Kirstin@gmail.com,developer
464,Maridel,Bartlett,Maridel.Bartlett@yopmail.com,Maridel.Bartlett@gmail.com,developer
465,Alyssa,Lattie,Alyssa.Lattie@yopmail.com,Alyssa.Lattie@gmail.com,doctor
466,Eadie,Haerr,Eadie.Haerr@yopmail.com,Eadie.Haerr@gmail.com,police officer
467,Kaja,Toffic,Kaja.Toffic@yopmail.com,Kaja.Toffic@gmail.com,firefighter
468,Thalia,Hourigan,Thalia.Hourigan@yopmail.com,Thalia.Hourigan@gmail.com,police officer
469,Emma,Thilda,Emma.Thilda@yopmail.com,Emma.Thilda@gmail.com,police officer
470,Emma,Madaih,Emma.Madaih@yopmail.com,Emma.Madaih@gmail.com,firefighter
471,Rivalee,Rubie,Rivalee.Rubie@yopmail.com,Rivalee.Rubie@gmail.com,doctor
472,Penelopa,Kermit,Penelopa.Kermit@yopmail.com,Penelopa.Kermit@gmail.com,developer
473,Lexine,Khorma,Lexine.Khorma@yopmail.com,Lexine.Khorma@gmail.com,developer
474,Claudina,Kalinda,Claudina.Kalinda@yopmail.com,Claudina.Kalinda@gmail.com,doctor
475,Florencia,Sammons,Florencia.Sammons@yopmail.com,Florencia.Sammons@gmail.com,doctor
476,Elsie,Nisbet,Elsie.Nisbet@yopmail.com,Elsie.Nisbet@gmail.com,worker
477,Brana,Gert,Brana.Gert@yopmail.com,Brana.Gert@gmail.com,police officer
478,Ariela,Bevin,Ariela.Bevin@yopmail.com,Ariela.Bevin@gmail.com,doctor
479,Latisha,Pulsifer,Latisha.Pulsifer@yopmail.com,Latisha.Pulsifer@gmail.com,police officer
480,Rayna,Ietta,Rayna.Ietta@yopmail.com,Rayna.Ietta@gmail.com,doctor
481,Shel,Mullane,Shel.Mullane@yopmail.com,Shel.Mullane@gmail.com,developer
482,Elyssa,Vale,Elyssa.Vale@yopmail.com,Elyssa.Vale@gmail.com,firefighter
483,Marnia,Telfer,Marnia.Telfer@yopmail.com,Marnia.Telfer@gmail.com,doctor
484,Kirstin,Dorine,Kirstin.Dorine@yopmail.com,Kirstin.Dorine@gmail.com,worker
485,Fina,Macey,Fina.Macey@yopmail.com,Fina.Macey@gmail.com,developer
486,Maud,Ulphia,Maud.Ulphia@yopmail.com,Maud.Ulphia@gmail.com,firefighter
487,Nerta,Camden,Nerta.Camden@yopmail.com,Nerta.Camden@gmail.com,worker
488,Chastity,Slifka,Chastity.Slifka@yopmail.com,Chastity.Slifka@gmail.com,doctor
489,Tybie,Shields,Tybie.Shields@yopmail.com,Tybie.Shields@gmail.com,police officer
490,Karena,Burkle,Karena.Burkle@yopmail.com,Karena.Burkle@gmail.com,firefighter
491,Linzy,Marcellus,Linzy.Marcellus@yopmail.com,Linzy.Marcellus@gmail.com,firefighter
492,Ericka,Pillsbury,Ericka.Pillsbury@yopmail.com,Ericka.Pillsbury@gmail.com,police officer
493,Celisse,Maribeth,Celisse.Maribeth@yopmail.com,Celisse.Maribeth@gmail.com,worker
494,Cindelyn,Suk,Cindelyn.Suk@yopmail.com,Cindelyn.Suk@gmail.com,doctor
495,Tani,Tremayne,Tani.Tremayne@yopmail.com,Tani.Tremayne@gmail.com,police officer
496,Jobi,Earlie,Jobi.Earlie@yopmail.com,Jobi.Earlie@gmail.com,police officer
497,Arlina,Dermott,Arlina.Dermott@yopmail.com,Arlina.Dermott@gmail.com,firefighter
498,Cherilyn,Sabella,Cherilyn.Sabella@yopmail.com,Cherilyn.Sabella@gmail.com,doctor
499,Kerrin,Tayib,Kerrin.Tayib@yopmail.com,Kerrin.Tayib@gmail.com,worker
500,Tani,Goddard,Tani.Goddard@yopmail.com,Tani.Goddard@gmail.com,developer
501,Allyce,Parette,Allyce.Parette@yopmail.com,Allyce.Parette@gmail.com,police officer
502,Arlina,Erlandson,Arlina.Erlandson@yopmail.com,Arlina.Erlandson@gmail.com,worker
503,Selma,Lory,Selma.Lory@yopmail.com,Selma.Lory@gmail.com,worker
504,Judy,Bibi,Judy.Bibi@yopmail.com,Judy.Bibi@gmail.com,firefighter
505,Aigneis,Maples,Aigneis.Maples@yopmail.com,Aigneis.Maples@gmail.com,developer
506,Myrtice,Hertzfeld,Myrtice.Hertzfeld@yopmail.com,Myrtice.Hertzfeld@gmail.com,police officer
507,Deloria,Erich,Deloria.Erich@yopmail.com,Deloria.Erich@gmail.com,firefighter
508,Edith,Elo,Edith.Elo@yopmail.com,Edith.Elo@gmail.com,firefighter
509,Lucille,Sallyann,Lucille.Sallyann@yopmail.com,Lucille.Sallyann@gmail.com,firefighter
510,Maye,Cleavland,Maye.Cleavland@yopmail.com,Maye.Cleavland@gmail.com,firefighter
511,Mureil,Kussell,Mureil.Kussell@yopmail.com,Mureil.Kussell@gmail.com,worker
512,Minne,Carbo,Minne.Carbo@yopmail.com,Minne.Carbo@gmail.com,firefighter
513,Kaia,Berne,Kaia.Berne@yopmail.com,Kaia.Berne@gmail.com,developer
514,Winny,Rubie,Winny.Rubie@yopmail.com,Winny.Rubie@gmail.com,doctor
515,Gratia,Chandler,Gratia.Chandler@yopmail.com,Gratia.Chandler@gmail.com,firefighter
516,Willetta,Fadiman,Willetta.Fadiman@yopmail.com,Willetta.Fadiman@gmail.com,worker
517,Antonietta,Bryna,Antonietta.Bryna@yopmail.com,Antonietta.Bryna@gmail.com,doctor
518,Raquela,Longfellow,Raquela.Longfellow@yopmail.com,Raquela.Longfellow@gmail.com,firefighter
519,Courtnay,Thar,Courtnay.Thar@yopmail.com,Courtnay.Thar@gmail.com,firefighter
520,Jolyn,Armanda,Jolyn.Armanda@yopmail.com,Jolyn.Armanda@gmail.com,worker
521,Netty,Raimondo,Netty.Raimondo@yopmail.com,Netty.Raimondo@gmail.com,doctor
522,Lisette,Rosalba,Lisette.Rosalba@yopmail.com,Lisette.Rosalba@gmail.com,firefighter
523,Drucie,Daveta,Drucie.Daveta@yopmail.com,Drucie.Daveta@gmail.com,doctor
524,Frank,Stacy,Frank.Stacy@yopmail.com,Frank.Stacy@gmail.com,doctor
525,Barbi,Himelman,Barbi.Himelman@yopmail.com,Barbi.Himelman@gmail.com,worker
526,Andeee,Salvidor,Andeee.Salvidor@yopmail.com,Andeee.Salvidor@gmail.com,doctor
527,Flory,Wadell,Flory.Wadell@yopmail.com,Flory.Wadell@gmail.com,developer
528,Lanna,Lissi,Lanna.Lissi@yopmail.com,Lanna.Lissi@gmail.com,firefighter
529,Catrina,Raffo,Catrina.Raffo@yopmail.com,Catrina.Raffo@gmail.com,doctor
530,Melisent,Magnolia,Melisent.Magnolia@yopmail.com,Melisent.Magnolia@gmail.com,doctor
531,Ingrid,Erlandson,Ingrid.Erlandson@yopmail.com,Ingrid.Erlandson@gmail.com,doctor
532,Belva,Truc,Belva.Truc@yopmail.com,Belva.Truc@gmail.com,firefighter
533,Ardeen,Vastah,Ardeen.Vastah@yopmail.com,Ardeen.Vastah@gmail.com,firefighter
534,Dulce,Barbey,Dulce.Barbey@yopmail.com,Dulce.Barbey@gmail.com,firefighter
535,Karlee,Elephus,Karlee.Elephus@yopmail.com,Karlee.Elephus@gmail.com,worker
536,Helena,Grayce,Helena.Grayce@yopmail.com,Helena.Grayce@gmail.com,worker
537,Barbara,Chandler,Barbara.Chandler@yopmail.com,Barbara.Chandler@gmail.com,developer
538,Tera,Goldina,Tera.Goldina@yopmail.com,Tera.Goldina@gmail.com,doctor
539,Kathi,Schlosser,Kathi.Schlosser@yopmail.com,Kathi.Schlosser@gmail.com,police officer
540,Juliane,August,Juliane.August@yopmail.com,Juliane.August@gmail.com,worker
541,Carlie,Hewitt,Carlie.Hewitt@yopmail.com,Carlie.Hewitt@gmail.com,firefighter
542,Tamqrah,Zina,Tamqrah.Zina@yopmail.com,Tamqrah.Zina@gmail.com,developer
543,Sophia,Barrus,Sophia.Barrus@yopmail.com,Sophia.Barrus@gmail.com,firefighter
544,Elfreda,Payson,Elfreda.Payson@yopmail.com,Elfreda.Payson@gmail.com,firefighter
545,Kaia,Orpah,Kaia.Orpah@yopmail.com,Kaia.Orpah@gmail.com,firefighter
546,Corly,Avi,Corly.Avi@yopmail.com,Corly.Avi@gmail.com,worker
547,Flo,Love,Flo.Love@yopmail.com,Flo.Love@gmail.com,worker
548,Hope,Bertold,Hope.Bertold@yopmail.com,Hope.Bertold@gmail.com,developer
549,Alleen,Allys,Alleen.Allys@yopmail.com,Alleen.Allys@gmail.com,developer
550,Carol-Jean,Nore,Carol-Jean.Nore@yopmail.com,Carol-Jean.Nore@gmail.com,developer
551,Roseline,Alejoa,Roseline.Alejoa@yopmail.com,Roseline.Alejoa@gmail.com,doctor
552,Raquela,Jobi,Raquela.Jobi@yopmail.com,Raquela.Jobi@gmail.com,firefighter
553,Elora,Orelee,Elora.Orelee@yopmail.com,Elora.Orelee@gmail.com,developer
554,Selia,Constancy,Selia.Constancy@yopmail.com,Selia.Constancy@gmail.com,doctor
555,Emmey,Carri,Emmey.Carri@yopmail.com,Emmey.Carri@gmail.com,firefighter
556,Renae,Iphlgenia,Renae.Iphlgenia@yopmail.com,Renae.Iphlgenia@gmail.com,worker
557,Lorie,Johanna,Lorie.Johanna@yopmail.com,Lorie.Johanna@gmail.com,firefighter
558,Wendi,Fry,Wendi.Fry@yopmail.com,Wendi.Fry@gmail.com,worker
559,Belva,Delp,Belva.Delp@yopmail.com,Belva.Delp@gmail.com,firefighter
560,Winifred,Pascia,Winifred.Pascia@yopmail.com,Winifred.Pascia@gmail.com,police officer
561,Aryn,Curren,Aryn.Curren@yopmail.com,Aryn.Curren@gmail.com,firefighter
562,Cathie,Torray,Cathie.Torray@yopmail.com,Cathie.Torray@gmail.com,doctor
563,Lory,Nester,Lory.Nester@yopmail.com,Lory.Nester@gmail.com,worker
564,Celisse,Letsou,Celisse.Letsou@yopmail.com,Celisse.Letsou@gmail.com,developer
565,Kimberley,Phi,Kimberley.Phi@yopmail.com,Kimberley.Phi@gmail.com,doctor
566,Kylynn,Dawkins,Kylynn.Dawkins@yopmail.com,Kylynn.Dawkins@gmail.com,worker
567,Joeann,Joni,Joeann.Joni@yopmail.com,Joeann.Joni@gmail.com,developer
568,Mathilda,Gillan,Mathilda.Gillan@yopmail.com,Mathilda.Gillan@gmail.com,police officer
569,Gilda,Chandler,Gilda.Chandler@yopmail.com,Gilda.Chandler@gmail.com,police officer
570,Lucy,Gahl,Lucy.Gahl@yopmail.com,Lucy.Gahl@gmail.com,firefighter
571,Gusella,Pulsifer,Gusella.Pulsifer@yopmail.com,Gusella.Pulsifer@gmail.com,doctor
572,Talya,Cressida,Talya.Cressida@yopmail.com,Talya.Cressida@gmail.com,worker
573,Ketti,Judye,Ketti.Judye@yopmail.com,Ketti.Judye@gmail.com,police officer
574,Cherrita,Ries,Cherrita.Ries@yopmail.com,Cherrita.Ries@gmail.com,firefighter
575,Coral,Darian,Coral.Darian@yopmail.com,Coral.Darian@gmail.com,doctor
576,Kristina,Belldas,Kristina.Belldas@yopmail.com,Kristina.Belldas@gmail.com,developer
577,Ursulina,Cressida,Ursulina.Cressida@yopmail.com,Ursulina.Cressida@gmail.com,developer
578,Pearline,Viddah,Pearline.Viddah@yopmail.com,Pearline.Viddah@gmail.com,police officer
579,Bobbi,Sallyann,Bobbi.Sallyann@yopmail.com,Bobbi.Sallyann@gmail.com,police officer
580,Ingrid,Brieta,Ingrid.Brieta@yopmail.com,Ingrid.Brieta@gmail.com,doctor
581,Reeba,Ursulette,Reeba.Ursulette@yopmail.com,Reeba.Ursulette@gmail.com,police officer
582,Constance,Andrel,Constance.Andrel@yopmail.com,Constance.Andrel@gmail.com,police officer
583,Valera,Bigner,Valera.Bigner@yopmail.com,Valera.Bigner@gmail.com,developer
584,Fred,Mathilde,Fred.Mathilde@yopmail.com,Fred.Mathilde@gmail.com,police officer
585,Livvyy,Uund,Livvyy.Uund@yopmail.com,Livvyy.Uund@gmail.com,police officer
586,Fred,Sallyann,Fred.Sallyann@yopmail.com,Fred.Sallyann@gmail.com,firefighter
587,Anestassia,Evvie,Anestassia.Evvie@yopmail.com,Anestassia.Evvie@gmail.com,firefighter
588,Netty,Kolnick,Netty.Kolnick@yopmail.com,Netty.Kolnick@gmail.com,doctor
589,Elbertina,Christal,Elbertina.Christal@yopmail.com,Elbertina.Christal@gmail.com,developer
590,Feliza,Schonfeld,Feliza.Schonfeld@yopmail.com,Feliza.Schonfeld@gmail.com,doctor
591,Dulce,Giff,Dulce.Giff@yopmail.com,Dulce.Giff@gmail.com,doctor
592,Agathe,Milson,Agathe.Milson@yopmail.com,Agathe.Milson@gmail.com,police officer
593,Perry,Anton,Perry.Anton@yopmail.com,Perry.Anton@gmail.com,police officer
594,Gusella,Eckblad,Gusella.Eckblad@yopmail.com,Gusella.Eckblad@gmail.com,developer
595,Jacquetta,Meli,Jacquetta.Meli@yopmail.com,Jacquetta.Meli@gmail.com,police officer
596,Josephine,Neils,Josephine.Neils@yopmail.com,Josephine.Neils@gmail.com,developer
597,Wanda,Chandler,Wanda.Chandler@yopmail.com,Wanda.Chandler@gmail.com,firefighter
598,Gerrie,Wadell,Gerrie.Wadell@yopmail.com,Gerrie.Wadell@gmail.com,firefighter
599,Phylis,Lucienne,Phylis.Lucienne@yopmail.com,Phylis.Lucienne@gmail.com,police officer
600,Lorenza,Hieronymus,Lorenza.Hieronymus@yopmail.com,Lorenza.Hieronymus@gmail.com,police officer
601,Paola,Izaak,Paola.Izaak@yopmail.com,Paola.Izaak@gmail.com,police officer
602,Karly,Havens,Karly.Havens@yopmail.com,Karly.Havens@gmail.com,firefighter
603,Belva,Alrich,Belva.Alrich@yopmail.com,Belva.Alrich@gmail.com,firefighter
604,Bernardine,Mozelle,Bernardine.Mozelle@yopmail.com,Bernardine.Mozelle@gmail.com,police officer
605,Amara,Lilas,Amara.Lilas@yopmail.com,Amara.Lilas@gmail.com,firefighter
606,Sashenka,Sabella,Sashenka.Sabella@yopmail.com,Sashenka.Sabella@gmail.com,police officer
607,Isa,Odysseus,Isa.Odysseus@yopmail.com,Isa.Odysseus@gmail.com,firefighter
608,Layla,Socha,Layla.Socha@yopmail.com,Layla.Socha@gmail.com,firefighter
609,Myrtice,Sacken,Myrtice.Sacken@yopmail.com,Myrtice.Sacken@gmail.com,developer
610,Olivette,Rossner,Olivette.Rossner@yopmail.com,Olivette.Rossner@gmail.com,worker
611,Tierney,Primalia,Tierney.Primalia@yopmail.com,Tierney.Primalia@gmail.com,developer
612,Dorene,Celestine,Dorene.Celestine@yopmail.com,Dorene.Celestine@gmail.com,firefighter
613,Eugine,Liva,Eugine.Liva@yopmail.com,Eugine.Liva@gmail.com,police officer
614,Jobi,Gaspard,Jobi.Gaspard@yopmail.com,Jobi.Gaspard@gmail.com,police officer
615,Lanna,Ivens,Lanna.Ivens@yopmail.com,Lanna.Ivens@gmail.com,developer
616,Olivette,Demitria,Olivette.Demitria@yopmail.com,Olivette.Demitria@gmail.com,firefighter
617,Riannon,Love,Riannon.Love@yopmail.com,Riannon.Love@gmail.com,doctor
618,Donnie,Kenwood,Donnie.Kenwood@yopmail.com,Donnie.Kenwood@gmail.com,doctor
619,Layla,Corilla,Layla.Corilla@yopmail.com,Layla.Corilla@gmail.com,police officer
620,Joleen,Roche,Joleen.Roche@yopmail.com,Joleen.Roche@gmail.com,developer
621,Julieta,Belldas,Julieta.Belldas@yopmail.com,Julieta.Belldas@gmail.com,worker
622,Claudina,Muriel,Claudina.Muriel@yopmail.com,Claudina.Muriel@gmail.com,police officer
623,Mahalia,Olnee,Mahalia.Olnee@yopmail.com,Mahalia.Olnee@gmail.com,doctor
624,Frank,Zuzana,Frank.Zuzana@yopmail.com,Frank.Zuzana@gmail.com,police officer
625,Debee,Weaks,Debee.Weaks@yopmail.com,Debee.Weaks@gmail.com,doctor
626,Coral,Weaks,Coral.Weaks@yopmail.com,Coral.Weaks@gmail.com,developer
627,Carree,Rillings,Carree.Rillings@yopmail.com,Carree.Rillings@gmail.com,doctor
628,Vevay,Heisel,Vevay.Heisel@yopmail.com,Vevay.Heisel@gmail.com,police officer
629,Norine,Kaete,Norine.Kaete@yopmail.com,Norine.Kaete@gmail.com,doctor
630,Chandra,Ioab,Chandra.Ioab@yopmail.com,Chandra.Ioab@gmail.com,doctor
631,Kassey,Laverne,Kassey.Laverne@yopmail.com,Kassey.Laverne@gmail.com,firefighter
632,Ardys,Louanna,Ardys.Louanna@yopmail.com,Ardys.Louanna@gmail.com,doctor
633,Abbie,Couture,Abbie.Couture@yopmail.com,Abbie.Couture@gmail.com,worker
634,Phedra,Taam,Phedra.Taam@yopmail.com,Phedra.Taam@gmail.com,developer
635,Nessie,Arvo,Nessie.Arvo@yopmail.com,Nessie.Arvo@gmail.com,firefighter
636,Vita,Carlson,Vita.Carlson@yopmail.com,Vita.Carlson@gmail.com,police officer
637,Luci,Rolf,Luci.Rolf@yopmail.com,Luci.Rolf@gmail.com,doctor
638,Renae,Gavrila,Renae.Gavrila@yopmail.com,Renae.Gavrila@gmail.com,police officer
639,Leontine,Ventre,Leontine.Ventre@yopmail.com,Leontine.Ventre@gmail.com,worker
640,Marti,Adore,Marti.Adore@yopmail.com,Marti.Adore@gmail.com,developer
641,Rochette,Anyah,Rochette.Anyah@yopmail.com,Rochette.Anyah@gmail.com,police officer
642,Averyl,Khorma,Averyl.Khorma@yopmail.com,Averyl.Khorma@gmail.com,doctor
643,Brena,Clara,Brena.Clara@yopmail.com,Brena.Clara@gmail.com,firefighter
644,Amalie,Wyn,Amalie.Wyn@yopmail.com,Amalie.Wyn@gmail.com,firefighter
645,Anthia,Lucienne,Anthia.Lucienne@yopmail.com,Anthia.Lucienne@gmail.com,police officer
646,Genovera,Yate,Genovera.Yate@yopmail.com,Genovera.Yate@gmail.com,worker
647,Collen,Fosque,Collen.Fosque@yopmail.com,Collen.Fosque@gmail.com,doctor
648,Johna,Billye,Johna.Billye@yopmail.com,Johna.Billye@gmail.com,developer
649,Sallie,Tjon,Sallie.Tjon@yopmail.com,Sallie.Tjon@gmail.com,firefighter
650,Cindelyn,Brieta,Cindelyn.Brieta@yopmail.com,Cindelyn.Brieta@gmail.com,firefighter
651,Lyssa,Suk,Lyssa.Suk@yopmail.com,Lyssa.Suk@gmail.com,doctor
652,Althea,Stilwell,Althea.Stilwell@yopmail.com,Althea.Stilwell@gmail.com,police officer
653,Lexine,Lissi,Lexine.Lissi@yopmail.com,Lexine.Lissi@gmail.com,developer
654,Dania,Ariella,Dania.Ariella@yopmail.com,Dania.Ariella@gmail.com,worker
655,Margette,Pearse,Margette.Pearse@yopmail.com,Margette.Pearse@gmail.com,developer
656,Darlleen,Gwenore,Darlleen.Gwenore@yopmail.com,Darlleen.Gwenore@gmail.com,developer
657,Ida,Mozelle,Ida.Mozelle@yopmail.com,Ida.Mozelle@gmail.com,police officer
658,Selia,Monk,Selia.Monk@yopmail.com,Selia.Monk@gmail.com,doctor
659,Danny,Drus,Danny.Drus@yopmail.com,Danny.Drus@gmail.com,police officer
660,Farrah,Couture,Farrah.Couture@yopmail.com,Farrah.Couture@gmail.com,police officer
661,Mariann,Brodench,Mariann.Brodench@yopmail.com,Mariann.Brodench@gmail.com,firefighter
662,Dominga,Verger,Dominga.Verger@yopmail.com,Dominga.Verger@gmail.com,police officer
663,Sadie,Soneson,Sadie.Soneson@yopmail.com,Sadie.Soneson@gmail.com,worker
664,Correy,Barbey,Correy.Barbey@yopmail.com,Correy.Barbey@gmail.com,worker
665,Genovera,Martsen,Genovera.Martsen@yopmail.com,Genovera.Martsen@gmail.com,police officer
666,Joane,Cavan,Joane.Cavan@yopmail.com,Joane.Cavan@gmail.com,firefighter
667,Reeba,Sancho,Reeba.Sancho@yopmail.com,Reeba.Sancho@gmail.com,doctor
668,Moyna,Frendel,Moyna.Frendel@yopmail.com,Moyna.Frendel@gmail.com,worker
669,Joceline,Thomasina,Joceline.Thomasina@yopmail.com,Joceline.Thomasina@gmail.com,developer
670,Carolina,Whittaker,Carolina.Whittaker@yopmail.com,Carolina.Whittaker@gmail.com,police officer
671,Ernesta,Vastah,Ernesta.Vastah@yopmail.com,Ernesta.Vastah@gmail.com,firefighter
672,Sam,Elo,Sam.Elo@yopmail.com,Sam.Elo@gmail.com,police officer
673,Lucille,Gaynor,Lucille.Gaynor@yopmail.com,Lucille.Gaynor@gmail.com,doctor
674,Collen,Persse,Collen.Persse@yopmail.com,Collen.Persse@gmail.com,firefighter
675,Dacia,Hertzfeld,Dacia.Hertzfeld@yopmail.com,Dacia.Hertzfeld@gmail.com,developer
676,Jessy,Jotham,Jessy.Jotham@yopmail.com,Jessy.Jotham@gmail.com,developer
677,Ingrid,Erich,Ingrid.Erich@yopmail.com,Ingrid.Erich@gmail.com,firefighter
678,Linzy,Ruvolo,Linzy.Ruvolo@yopmail.com,Linzy.Ruvolo@gmail.com,developer
679,Winifred,Merriott,Winifred.Merriott@yopmail.com,Winifred.Merriott@gmail.com,developer
680,Corene,Flyn,Corene.Flyn@yopmail.com,Corene.Flyn@gmail.com,worker
681,Hope,Gerge,Hope.Gerge@yopmail.com,Hope.Gerge@gmail.com,police officer
682,Althea,Garbe,Althea.Garbe@yopmail.com,Althea.Garbe@gmail.com,firefighter
683,Joy,Hurley,Joy.Hurley@yopmail.com,Joy.Hurley@gmail.com,developer
684,Clary,Shaver,Clary.Shaver@yopmail.com,Clary.Shaver@gmail.com,firefighter
685,Lynea,Sigfrid,Lynea.Sigfrid@yopmail.com,Lynea.Sigfrid@gmail.com,doctor
686,Sam,Callista,Sam.Callista@yopmail.com,Sam.Callista@gmail.com,firefighter
687,Margarette,Ammann,Margarette.Ammann@yopmail.com,Margarette.Ammann@gmail.com,developer
688,Meg,Felizio,Meg.Felizio@yopmail.com,Meg.Felizio@gmail.com,developer
689,Nicoli,Torray,Nicoli.Torray@yopmail.com,Nicoli.Torray@gmail.com,developer
690,Tori,Goldina,Tori.Goldina@yopmail.com,Tori.Goldina@gmail.com,developer
691,Aeriela,Nadia,Aeriela.Nadia@yopmail.com,Aeriela.Nadia@gmail.com,police officer
692,Daryl,Dulciana,Daryl.Dulciana@yopmail.com,Daryl.Dulciana@gmail.com,firefighter
693,Iseabal,Blase,Iseabal.Blase@yopmail.com,Iseabal.Blase@gmail.com,firefighter
694,Roseline,Orlene,Roseline.Orlene@yopmail.com,Roseline.Orlene@gmail.com,developer
695,Chickie,Braun,Chickie.Braun@yopmail.com,Chickie.Braun@gmail.com,doctor
696,Chere,Howlyn,Chere.Howlyn@yopmail.com,Chere.Howlyn@gmail.com,worker
697,Angelique,Othilia,Angelique.Othilia@yopmail.com,Angelique.Othilia@gmail.com,firefighter
698,Damaris,Ioab,Damaris.Ioab@yopmail.com,Damaris.Ioab@gmail.com,police officer
699,Sadie,Fillbert,Sadie.Fillbert@yopmail.com,Sadie.Fillbert@gmail.com,doctor
700,Joy,Tippets,Joy.Tippets@yopmail.com,Joy.Tippets@gmail.com,developer
701,Eve,Kelula,Eve.Kelula@yopmail.com,Eve.Kelula@gmail.com,developer
702,Melina,Brian,Melina.Brian@yopmail.com,Melina.Brian@gmail.com,developer
703,Dulce,An,Dulce.An@yopmail.com,Dulce.An@gmail.com,police officer
704,Carmencita,Junie,Carmencita.Junie@yopmail.com,Carmencita.Junie@gmail.com,police officer
705,Yvonne,Hewitt,Yvonne.Hewitt@yopmail.com,Yvonne.Hewitt@gmail.com,doctor
706,Gloria,Yoko,Gloria.Yoko@yopmail.com,Gloria.Yoko@gmail.com,doctor
707,Ellette,Maisey,Ellette.Maisey@yopmail.com,Ellette.Maisey@gmail.com,developer
708,Ernesta,Aurelio,Ernesta.Aurelio@yopmail.com,Ernesta.Aurelio@gmail.com,police officer
709,Clementine,Kazimir,Clementine.Kazimir@yopmail.com,Clementine.Kazimir@gmail.com,police officer
710,Petronia,Cecile,Petronia.Cecile@yopmail.com,Petronia.Cecile@gmail.com,developer
711,Zaria,Gaspard,Zaria.Gaspard@yopmail.com,Zaria.Gaspard@gmail.com,worker
712,Deane,Raimondo,Deane.Raimondo@yopmail.com,Deane.Raimondo@gmail.com,developer
713,Orsola,Gualtiero,Orsola.Gualtiero@yopmail.com,Orsola.Gualtiero@gmail.com,firefighter
714,Kellen,Melan,Kellen.Melan@yopmail.com,Kellen.Melan@gmail.com,firefighter
715,Lanae,Chapland,Lanae.Chapland@yopmail.com,Lanae.Chapland@gmail.com,firefighter
716,Raina,Peti,Raina.Peti@yopmail.com,Raina.Peti@gmail.com,firefighter
717,Nonnah,Olnee,Nonnah.Olnee@yopmail.com,Nonnah.Olnee@gmail.com,doctor
718,Anallese,Calhoun,Anallese.Calhoun@yopmail.com,Anallese.Calhoun@gmail.com,worker
719,Karena,Hilbert,Karena.Hilbert@yopmail.com,Karena.Hilbert@gmail.com,doctor
720,Joane,Lowry,Joane.Lowry@yopmail.com,Joane.Lowry@gmail.com,firefighter
721,Maryellen,Hebner,Maryellen.Hebner@yopmail.com,Maryellen.Hebner@gmail.com,worker
722,Therine,Kenwood,Therine.Kenwood@yopmail.com,Therine.Kenwood@gmail.com,worker
723,Kelly,Bord,Kelly.Bord@yopmail.com,Kelly.Bord@gmail.com,firefighter
724,Sindee,Pip,Sindee.Pip@yopmail.com,Sindee.Pip@gmail.com,developer
725,Livvyy,Lane,Livvyy.Lane@yopmail.com,Livvyy.Lane@gmail.com,developer
726,Andree,Fabiola,Andree.Fabiola@yopmail.com,Andree.Fabiola@gmail.com,doctor
727,Melina,Vilma,Melina.Vilma@yopmail.com,Melina.Vilma@gmail.com,developer
728,Ericka,Munn,Ericka.Munn@yopmail.com,Ericka.Munn@gmail.com,worker
729,Dari,Hessler,Dari.Hessler@yopmail.com,Dari.Hessler@gmail.com,police officer
730,Frieda,Hertzfeld,Frieda.Hertzfeld@yopmail.com,Frieda.Hertzfeld@gmail.com,developer
731,Gerianna,Heidt,Gerianna.Heidt@yopmail.com,Gerianna.Heidt@gmail.com,developer
732,Taffy,Buffum,Taffy.Buffum@yopmail.com,Taffy.Buffum@gmail.com,doctor
733,Cecile,Jobi,Cecile.Jobi@yopmail.com,Cecile.Jobi@gmail.com,firefighter
734,Gabriellia,Himelman,Gabriellia.Himelman@yopmail.com,Gabriellia.Himelman@gmail.com,developer
735,Ekaterina,Maryanne,Ekaterina.Maryanne@yopmail.com,Ekaterina.Maryanne@gmail.com,doctor
736,Cassondra,Gert,Cassondra.Gert@yopmail.com,Cassondra.Gert@gmail.com,doctor
737,Dorothy,Brittani,Dorothy.Brittani@yopmail.com,Dorothy.Brittani@gmail.com,firefighter
738,Annaliese,Reneta,Annaliese.Reneta@yopmail.com,Annaliese.Reneta@gmail.com,doctor
739,Taffy,Dunkin,Taffy.Dunkin@yopmail.com,Taffy.Dunkin@gmail.com,firefighter
740,Anica,Lewes,Anica.Lewes@yopmail.com,Anica.Lewes@gmail.com,police officer
741,Cassondra,Brodench,Cassondra.Brodench@yopmail.com,Cassondra.Brodench@gmail.com,firefighter
742,Aeriela,Urias,Aeriela.Urias@yopmail.com,Aeriela.Urias@gmail.com,doctor
743,Annabela,Erlandson,Annabela.Erlandson@yopmail.com,Annabela.Erlandson@gmail.com,firefighter
744,Vita,Daniele,Vita.Daniele@yopmail.com,Vita.Daniele@gmail.com,developer
745,Neila,Thar,Neila.Thar@yopmail.com,Neila.Thar@gmail.com,firefighter
746,Robinia,Raama,Robinia.Raama@yopmail.com,Robinia.Raama@gmail.com,police officer
747,Caritta,Radu,Caritta.Radu@yopmail.com,Caritta.Radu@gmail.com,developer
748,Betta,Rurik,Betta.Rurik@yopmail.com,Betta.Rurik@gmail.com,developer
749,Aigneis,Martguerita,Aigneis.Martguerita@yopmail.com,Aigneis.Martguerita@gmail.com,firefighter
750,Genovera,Raychel,Genovera.Raychel@yopmail.com,Genovera.Raychel@gmail.com,worker
751,Augustine,Ellord,Augustine.Ellord@yopmail.com,Augustine.Ellord@gmail.com,firefighter
752,Netty,Ingra,Netty.Ingra@yopmail.com,Netty.Ingra@gmail.com,police officer
753,Gusty,Kaete,Gusty.Kaete@yopmail.com,Gusty.Kaete@gmail.com,police officer
754,Abbie,Kauppi,Abbie.Kauppi@yopmail.com,Abbie.Kauppi@gmail.com,firefighter
755,Ericka,Ade,Ericka.Ade@yopmail.com,Ericka.Ade@gmail.com,doctor
756,Flo,Love,Flo.Love@yopmail.com,Flo.Love@gmail.com,developer
757,Lonnie,Pip,Lonnie.Pip@yopmail.com,Lonnie.Pip@gmail.com,doctor
758,Nannie,Emanuel,Nannie.Emanuel@yopmail.com,Nannie.Emanuel@gmail.com,police officer
759,Katleen,Gusella,Katleen.Gusella@yopmail.com,Katleen.Gusella@gmail.com,doctor
760,Krystle,Edee,Krystle.Edee@yopmail.com,Krystle.Edee@gmail.com,firefighter
761,Arlena,Breed,Arlena.Breed@yopmail.com,Arlena.Breed@gmail.com,police officer
762,Maurene,Jaylene,Maurene.Jaylene@yopmail.com,Maurene.Jaylene@gmail.com,doctor
763,Cristine,Chapland,Cristine.Chapland@yopmail.com,Cristine.Chapland@gmail.com,worker
764,Ericka,Justinn,Ericka.Justinn@yopmail.com,Ericka.Justinn@gmail.com,developer
765,Luci,Gibbeon,Luci.Gibbeon@yopmail.com,Luci.Gibbeon@gmail.com,developer
766,Ofilia,Goldina,Ofilia.Goldina@yopmail.com,Ofilia.Goldina@gmail.com,doctor
767,Valli,Kermit,Valli.Kermit@yopmail.com,Valli.Kermit@gmail.com,worker
768,Isa,Wandie,Isa.Wandie@yopmail.com,Isa.Wandie@gmail.com,doctor
769,Agnese,Hutchison,Agnese.Hutchison@yopmail.com,Agnese.Hutchison@gmail.com,firefighter
770,Betta,Wallis,Betta.Wallis@yopmail.com,Betta.Wallis@gmail.com,firefighter
771,Nessie,Casimir,Nessie.Casimir@yopmail.com,Nessie.Casimir@gmail.com,police officer
772,Iseabal,Bord,Iseabal.Bord@yopmail.com,Iseabal.Bord@gmail.com,police officer
773,Esmeralda,Oriana,Esmeralda.Oriana@yopmail.com,Esmeralda.Oriana@gmail.com,firefighter
774,Esmeralda,Docilla,Esmeralda.Docilla@yopmail.com,Esmeralda.Docilla@gmail.com,doctor
775,Stacey,Elephus,Stacey.Elephus@yopmail.com,Stacey.Elephus@gmail.com,firefighter
776,Anallese,Georgy,Anallese.Georgy@yopmail.com,Anallese.Georgy@gmail.com,developer
777,Sonni,Ammann,Sonni.Ammann@yopmail.com,Sonni.Ammann@gmail.com,worker
778,Mireielle,Schwejda,Mireielle.Schwejda@yopmail.com,Mireielle.Schwejda@gmail.com,police officer
779,Roxane,Wilkinson,Roxane.Wilkinson@yopmail.com,Roxane.Wilkinson@gmail.com,police officer
780,Tonia,Cloris,Tonia.Cloris@yopmail.com,Tonia.Cloris@gmail.com,firefighter
781,Zaria,Stoller,Zaria.Stoller@yopmail.com,Zaria.Stoller@gmail.com,developer
782,Lilith,Hilbert,Lilith.Hilbert@yopmail.com,Lilith.Hilbert@gmail.com,worker
783,Corene,Sandye,Corene.Sandye@yopmail.com,Corene.Sandye@gmail.com,worker
784,Selma,Terencio,Selma.Terencio@yopmail.com,Selma.Terencio@gmail.com,developer
785,Mallory,Cookie,Mallory.Cookie@yopmail.com,Mallory.Cookie@gmail.com,doctor
786,Atlanta,Campball,Atlanta.Campball@yopmail.com,Atlanta.Campball@gmail.com,developer
787,Elyssa,Justinn,Elyssa.Justinn@yopmail.com,Elyssa.Justinn@gmail.com,developer
788,Lacie,Wattenberg,Lacie.Wattenberg@yopmail.com,Lacie.Wattenberg@gmail.com,worker
789,Clo,Couture,Clo.Couture@yopmail.com,Clo.Couture@gmail.com,developer
790,Marjie,Atcliffe,Marjie.Atcliffe@yopmail.com,Marjie.Atcliffe@gmail.com,firefighter
791,Pollyanna,Ricki,Pollyanna.Ricki@yopmail.com,Pollyanna.Ricki@gmail.com,worker
792,Stacey,Boycey,Stacey.Boycey@yopmail.com,Stacey.Boycey@gmail.com,developer
793,Jessy,Fax,Jessy.Fax@yopmail.com,Jessy.Fax@gmail.com,firefighter
794,Cecile,Jalbert,Cecile.Jalbert@yopmail.com,Cecile.Jalbert@gmail.com,developer
795,Katuscha,Christal,Katuscha.Christal@yopmail.com,Katuscha.Christal@gmail.com,doctor
796,Gwenneth,Fry,Gwenneth.Fry@yopmail.com,Gwenneth.Fry@gmail.com,developer
797,Doralynne,Geffner,Doralynne.Geffner@yopmail.com,Doralynne.Geffner@gmail.com,firefighter
798,Magdalena,Hillel,Magdalena.Hillel@yopmail.com,Magdalena.Hillel@gmail.com,doctor
799,Lyssa,Sparhawk,Lyssa.Sparhawk@yopmail.com,Lyssa.Sparhawk@gmail.com,doctor
800,Tierney,Dash,Tierney.Dash@yopmail.com,Tierney.Dash@gmail.com,doctor
801,Carol-Jean,Eckblad,Carol-Jean.Eckblad@yopmail.com,Carol-Jean.Eckblad@gmail.com,worker
802,Kenna,Leary,Kenna.Leary@yopmail.com,Kenna.Leary@gmail.com,worker
803,Ginnie,Alcott,Ginnie.Alcott@yopmail.com,Ginnie.Alcott@gmail.com,developer
804,Brandise,Jalbert,Brandise.Jalbert@yopmail.com,Brandise.Jalbert@gmail.com,doctor
805,Corry,Tjon,Corry.Tjon@yopmail.com,Corry.Tjon@gmail.com,worker
806,Carilyn,Ilka,Carilyn.Ilka@yopmail.com,Carilyn.Ilka@gmail.com,doctor
807,Bee,Wallis,Bee.Wallis@yopmail.com,Bee.Wallis@gmail.com,developer
808,Wanda,Hylan,Wanda.Hylan@yopmail.com,Wanda.Hylan@gmail.com,police officer
809,Oralee,Corilla,Oralee.Corilla@yopmail.com,Oralee.Corilla@gmail.com,firefighter
810,Melisent,Hewitt,Melisent.Hewitt@yopmail.com,Melisent.Hewitt@gmail.com,developer
811,Annora,Albertine,Annora.Albertine@yopmail.com,Annora.Albertine@gmail.com,firefighter
812,Clary,Socha,Clary.Socha@yopmail.com,Clary.Socha@gmail.com,developer
813,Jerry,Cornelia,Jerry.Cornelia@yopmail.com,Jerry.Cornelia@gmail.com,firefighter
814,Berget,Zeeba,Berget.Zeeba@yopmail.com,Berget.Zeeba@gmail.com,worker
815,Dyann,Douglass,Dyann.Douglass@yopmail.com,Dyann.Douglass@gmail.com,worker
816,Almeta,Schonfeld,Almeta.Schonfeld@yopmail.com,Almeta.Schonfeld@gmail.com,doctor
817,Janenna,Prouty,Janenna.Prouty@yopmail.com,Janenna.Prouty@gmail.com,firefighter
818,Mariele,Jena,Mariele.Jena@yopmail.com,Mariele.Jena@gmail.com,firefighter
819,Wendi,Carvey,Wendi.Carvey@yopmail.com,Wendi.Carvey@gmail.com,police officer
820,Sharai,Philoo,Sharai.Philoo@yopmail.com,Sharai.Philoo@gmail.com,worker
821,Audrie,Ashely,Audrie.Ashely@yopmail.com,Audrie.Ashely@gmail.com,worker
822,Lelah,Bivins,Lelah.Bivins@yopmail.com,Lelah.Bivins@gmail.com,firefighter
823,Caressa,Astra,Caressa.Astra@yopmail.com,Caressa.Astra@gmail.com,police officer
824,Kimmy,Guildroy,Kimmy.Guildroy@yopmail.com,Kimmy.Guildroy@gmail.com,developer
825,Cristabel,Faria,Cristabel.Faria@yopmail.com,Cristabel.Faria@gmail.com,worker
826,Gerrie,Edee,Gerrie.Edee@yopmail.com,Gerrie.Edee@gmail.com,developer
827,Fina,Maribeth,Fina.Maribeth@yopmail.com,Fina.Maribeth@gmail.com,police officer
828,Ardeen,Meli,Ardeen.Meli@yopmail.com,Ardeen.Meli@gmail.com,police officer
829,Alex,Lindemann,Alex.Lindemann@yopmail.com,Alex.Lindemann@gmail.com,police officer
830,Amelia,Haerr,Amelia.Haerr@yopmail.com,Amelia.Haerr@gmail.com,police officer
831,Ivett,Paton,Ivett.Paton@yopmail.com,Ivett.Paton@gmail.com,police officer
832,Cathie,Harl,Cathie.Harl@yopmail.com,Cathie.Harl@gmail.com,developer
833,Roz,Milde,Roz.Milde@yopmail.com,Roz.Milde@gmail.com,police officer
834,Mureil,Alisia,Mureil.Alisia@yopmail.com,Mureil.Alisia@gmail.com,doctor
835,Alisha,Maurine,Alisha.Maurine@yopmail.com,Alisha.Maurine@gmail.com,doctor
836,Dianemarie,Maurine,Dianemarie.Maurine@yopmail.com,Dianemarie.Maurine@gmail.com,worker
837,Clarice,Liva,Clarice.Liva@yopmail.com,Clarice.Liva@gmail.com,police officer
838,Olivette,Colleen,Olivette.Colleen@yopmail.com,Olivette.Colleen@gmail.com,firefighter
839,Kaja,Evvie,Kaja.Evvie@yopmail.com,Kaja.Evvie@gmail.com,doctor
840,Sashenka,Stelle,Sashenka.Stelle@yopmail.com,Sashenka.Stelle@gmail.com,worker
841,Marnia,Ferrell,Marnia.Ferrell@yopmail.com,Marnia.Ferrell@gmail.com,police officer
842,Yetty,Mallon,Yetty.Mallon@yopmail.com,Yetty.Mallon@gmail.com,developer
843,Rochette,Muriel,Rochette.Muriel@yopmail.com,Rochette.Muriel@gmail.com,developer
844,Leia,Cressida,Leia.Cressida@yopmail.com,Leia.Cressida@gmail.com,worker
845,Louella,Annice,Louella.Annice@yopmail.com,Louella.Annice@gmail.com,police officer
846,Carolina,Ricki,Carolina.Ricki@yopmail.com,Carolina.Ricki@gmail.com,worker
847,Alyda,Hanleigh,Alyda.Hanleigh@yopmail.com,Alyda.Hanleigh@gmail.com,worker
848,Laurene,Himelman,Laurene.Himelman@yopmail.com,Laurene.Himelman@gmail.com,police officer
849,Claudina,Lipson,Claudina.Lipson@yopmail.com,Claudina.Lipson@gmail.com,doctor
850,Alleen,Esmaria,Alleen.Esmaria@yopmail.com,Alleen.Esmaria@gmail.com,developer
851,Reeba,Goth,Reeba.Goth@yopmail.com,Reeba.Goth@gmail.com,doctor
852,Laurene,Zenas,Laurene.Zenas@yopmail.com,Laurene.Zenas@gmail.com,firefighter
853,Xylina,Beebe,Xylina.Beebe@yopmail.com,Xylina.Beebe@gmail.com,firefighter
854,Raf,Stilwell,Raf.Stilwell@yopmail.com,Raf.Stilwell@gmail.com,developer
855,Ethel,Johnsson,Ethel.Johnsson@yopmail.com,Ethel.Johnsson@gmail.com,firefighter
856,Olivette,Sisile,Olivette.Sisile@yopmail.com,Olivette.Sisile@gmail.com,developer
857,Jenilee,Argus,Jenilee.Argus@yopmail.com,Jenilee.Argus@gmail.com,firefighter
858,Fayre,Rosemary,Fayre.Rosemary@yopmail.com,Fayre.Rosemary@gmail.com,doctor
859,Beth,Lynn,Beth.Lynn@yopmail.com,Beth.Lynn@gmail.com,worker
860,Cherrita,Sophronia,Cherrita.Sophronia@yopmail.com,Cherrita.Sophronia@gmail.com,worker
861,Elka,Dudley,Elka.Dudley@yopmail.com,Elka.Dudley@gmail.com,doctor
862,Barbi,Cath,Barbi.Cath@yopmail.com,Barbi.Cath@gmail.com,firefighter
863,Adriana,Lanita,Adriana.Lanita@yopmail.com,Adriana.Lanita@gmail.com,doctor
864,Belinda,Carri,Belinda.Carri@yopmail.com,Belinda.Carri@gmail.com,firefighter
865,Chickie,Zola,Chickie.Zola@yopmail.com,Chickie.Zola@gmail.com,doctor
866,Gabi,Charmine,Gabi.Charmine@yopmail.com,Gabi.Charmine@gmail.com,police officer
867,Lonnie,Wandie,Lonnie.Wandie@yopmail.com,Lonnie.Wandie@gmail.com,developer
868,Beatriz,Teryn,Beatriz.Teryn@yopmail.com,Beatriz.Teryn@gmail.com,developer
869,Janenna,Anastatius,Janenna.Anastatius@yopmail.com,Janenna.Anastatius@gmail.com,worker
870,Lorie,Rona,Lorie.Rona@yopmail.com,Lorie.Rona@gmail.com,doctor
871,Alex,Jess,Alex.Jess@yopmail.com,Alex.Jess@gmail.com,developer
872,Hope,Gunn,Hope.Gunn@yopmail.com,Hope.Gunn@gmail.com,worker
873,Cherrita,Tomasina,Cherrita.Tomasina@yopmail.com,Cherrita.Tomasina@gmail.com,police officer
874,Ottilie,Arvo,Ottilie.Arvo@yopmail.com,Ottilie.Arvo@gmail.com,police officer
875,Linet,Iphlgenia,Linet.Iphlgenia@yopmail.com,Linet.Iphlgenia@gmail.com,worker
876,Netty,Hubert,Netty.Hubert@yopmail.com,Netty.Hubert@gmail.com,worker
877,Trudie,Cloris,Trudie.Cloris@yopmail.com,Trudie.Cloris@gmail.com,worker
878,Trixi,Lewes,Trixi.Lewes@yopmail.com,Trixi.Lewes@gmail.com,police officer
879,Carol-Jean,Zrike,Carol-Jean.Zrike@yopmail.com,Carol-Jean.Zrike@gmail.com,worker
880,Ketti,Juan,Ketti.Juan@yopmail.com,Ketti.Juan@gmail.com,firefighter
881,Darlleen,Neva,Darlleen.Neva@yopmail.com,Darlleen.Neva@gmail.com,worker
882,Donnie,Iphlgenia,Donnie.Iphlgenia@yopmail.com,Donnie.Iphlgenia@gmail.com,developer
883,Mady,Agle,Mady.Agle@yopmail.com,Mady.Agle@gmail.com,firefighter
884,Elyssa,Jenness,Elyssa.Jenness@yopmail.com,Elyssa.Jenness@gmail.com,doctor
885,Miquela,Stacy,Miquela.Stacy@yopmail.com,Miquela.Stacy@gmail.com,doctor
886,Minne,Quent,Minne.Quent@yopmail.com,Minne.Quent@gmail.com,police officer
887,Kirbee,Whittaker,Kirbee.Whittaker@yopmail.com,Kirbee.Whittaker@gmail.com,firefighter
888,Leanna,Nerita,Leanna.Nerita@yopmail.com,Leanna.Nerita@gmail.com,developer
889,Tera,Chick,Tera.Chick@yopmail.com,Tera.Chick@gmail.com,worker
890,Chere,Bari,Chere.Bari@yopmail.com,Chere.Bari@gmail.com,firefighter
891,Marline,Thilda,Marline.Thilda@yopmail.com,Marline.Thilda@gmail.com,police officer
892,Edyth,Kosey,Edyth.Kosey@yopmail.com,Edyth.Kosey@gmail.com,firefighter
893,Lita,Lanita,Lita.Lanita@yopmail.com,Lita.Lanita@gmail.com,police officer
894,Constance,Berne,Constance.Berne@yopmail.com,Constance.Berne@gmail.com,firefighter
895,Ezmeralda,Macey,Ezmeralda.Macey@yopmail.com,Ezmeralda.Macey@gmail.com,police officer
896,Tilly,Andrel,Tilly.Andrel@yopmail.com,Tilly.Andrel@gmail.com,doctor
897,Averyl,Felizio,Averyl.Felizio@yopmail.com,Averyl.Felizio@gmail.com,doctor
898,Meghann,Hailee,Meghann.Hailee@yopmail.com,Meghann.Hailee@gmail.com,police officer
899,Vevay,Madelene,Vevay.Madelene@yopmail.com,Vevay.Madelene@gmail.com,police officer
900,Eadie,Alexandr,Eadie.Alexandr@yopmail.com,Eadie.Alexandr@gmail.com,worker
901,Tiffie,Westphal,Tiffie.Westphal@yopmail.com,Tiffie.Westphal@gmail.com,developer
902,Mady,Shuler,Mady.Shuler@yopmail.com,Mady.Shuler@gmail.com,doctor
903,Sheelagh,Gombach,Sheelagh.Gombach@yopmail.com,Sheelagh.Gombach@gmail.com,firefighter
904,Anestassia,Ackerley,Anestassia.Ackerley@yopmail.com,Anestassia.Ackerley@gmail.com,worker
905,Roxane,Sherrie,Roxane.Sherrie@yopmail.com,Roxane.Sherrie@gmail.com,doctor
906,Christal,Ahab,Christal.Ahab@yopmail.com,Christal.Ahab@gmail.com,worker
907,Lorne,Sperling,Lorne.Sperling@yopmail.com,Lorne.Sperling@gmail.com,developer
908,Tani,Eiser,Tani.Eiser@yopmail.com,Tani.Eiser@gmail.com,developer
909,Kial,Bronk,Kial.Bronk@yopmail.com,Kial.Bronk@gmail.com,police officer
910,Quintina,Lorenz,Quintina.Lorenz@yopmail.com,Quintina.Lorenz@gmail.com,developer
911,Janenna,Septima,Janenna.Septima@yopmail.com,Janenna.Septima@gmail.com,doctor
912,Dania,Even,Dania.Even@yopmail.com,Dania.Even@gmail.com,worker
913,Suzette,Horan,Suzette.Horan@yopmail.com,Suzette.Horan@gmail.com,doctor
914,Glynnis,Bouchard,Glynnis.Bouchard@yopmail.com,Glynnis.Bouchard@gmail.com,developer
915,Stacey,Rodmann,Stacey.Rodmann@yopmail.com,Stacey.Rodmann@gmail.com,doctor
916,Teddie,Yam,Teddie.Yam@yopmail.com,Teddie.Yam@gmail.com,firefighter
917,Deedee,Delila,Deedee.Delila@yopmail.com,Deedee.Delila@gmail.com,worker
918,Raquela,Nedrud,Raquela.Nedrud@yopmail.com,Raquela.Nedrud@gmail.com,firefighter
919,Rebeca,Ambrosia,Rebeca.Ambrosia@yopmail.com,Rebeca.Ambrosia@gmail.com,firefighter
920,Shell,Cornelia,Shell.Cornelia@yopmail.com,Shell.Cornelia@gmail.com,doctor
921,Moyna,Nisbet,Moyna.Nisbet@yopmail.com,Moyna.Nisbet@gmail.com,worker
922,Blinni,Ophelia,Blinni.Ophelia@yopmail.com,Blinni.Ophelia@gmail.com,firefighter
923,Ursulina,Sikorski,Ursulina.Sikorski@yopmail.com,Ursulina.Sikorski@gmail.com,worker
924,Ninnetta,Tengdin,Ninnetta.Tengdin@yopmail.com,Ninnetta.Tengdin@gmail.com,developer
925,Edee,Dex,Edee.Dex@yopmail.com,Edee.Dex@gmail.com,developer
926,Lanae,Alexandr,Lanae.Alexandr@yopmail.com,Lanae.Alexandr@gmail.com,firefighter
927,Merrie,Parsaye,Merrie.Parsaye@yopmail.com,Merrie.Parsaye@gmail.com,developer
928,Brietta,Crudden,Brietta.Crudden@yopmail.com,Brietta.Crudden@gmail.com,firefighter
929,Catrina,Gombach,Catrina.Gombach@yopmail.com,Catrina.Gombach@gmail.com,firefighter
930,Courtnay,Payson,Courtnay.Payson@yopmail.com,Courtnay.Payson@gmail.com,developer
931,Etta,Serilda,Etta.Serilda@yopmail.com,Etta.Serilda@gmail.com,worker
932,Stacey,Elvyn,Stacey.Elvyn@yopmail.com,Stacey.Elvyn@gmail.com,firefighter
933,Queenie,Jobi,Queenie.Jobi@yopmail.com,Queenie.Jobi@gmail.com,firefighter
934,Gale,Gillan,Gale.Gillan@yopmail.com,Gale.Gillan@gmail.com,doctor
935,Emilia,Nahum,Emilia.Nahum@yopmail.com,Emilia.Nahum@gmail.com,police officer
936,Amalie,Colleen,Amalie.Colleen@yopmail.com,Amalie.Colleen@gmail.com,police officer
937,Leeanne,Bethany,Leeanne.Bethany@yopmail.com,Leeanne.Bethany@gmail.com,firefighter
938,Quintina,Emmaline,Quintina.Emmaline@yopmail.com,Quintina.Emmaline@gmail.com,developer
939,Imojean,Marijo,Imojean.Marijo@yopmail.com,Imojean.Marijo@gmail.com,firefighter
940,Valli,Tarrant,Valli.Tarrant@yopmail.com,Valli.Tarrant@gmail.com,doctor
941,Vere,Ivens,Vere.Ivens@yopmail.com,Vere.Ivens@gmail.com,firefighter
942,Jacquetta,Grayce,Jacquetta.Grayce@yopmail.com,Jacquetta.Grayce@gmail.com,doctor
943,Lelah,Koehler,Lelah.Koehler@yopmail.com,Lelah.Koehler@gmail.com,worker
944,Edee,McCutcheon,Edee.McCutcheon@yopmail.com,Edee.McCutcheon@gmail.com,doctor
945,Rani,Wadell,Rani.Wadell@yopmail.com,Rani.Wadell@gmail.com,developer
946,Aaren,Lory,Aaren.Lory@yopmail.com,Aaren.Lory@gmail.com,developer
947,Jenilee,Annice,Jenilee.Annice@yopmail.com,Jenilee.Annice@gmail.com,doctor
948,Nerta,Melleta,Nerta.Melleta@yopmail.com,Nerta.Melleta@gmail.com,worker
949,Anallese,Berne,Anallese.Berne@yopmail.com,Anallese.Berne@gmail.com,developer
950,Dede,Nisbet,Dede.Nisbet@yopmail.com,Dede.Nisbet@gmail.com,worker
951,Ivett,Audly,Ivett.Audly@yopmail.com,Ivett.Audly@gmail.com,developer
952,Barbi,Romelda,Barbi.Romelda@yopmail.com,Barbi.Romelda@gmail.com,police officer
953,Vere,Himelman,Vere.Himelman@yopmail.com,Vere.Himelman@gmail.com,firefighter
954,Grier,Brunell,Grier.Brunell@yopmail.com,Grier.Brunell@gmail.com,worker
955,Kristan,Decato,Kristan.Decato@yopmail.com,Kristan.Decato@gmail.com,police officer
956,Ilse,Bouchard,Ilse.Bouchard@yopmail.com,Ilse.Bouchard@gmail.com,firefighter
957,Shaine,Lunsford,Shaine.Lunsford@yopmail.com,Shaine.Lunsford@gmail.com,doctor
958,Kaia,Haymes,Kaia.Haymes@yopmail.com,Kaia.Haymes@gmail.com,police officer
959,Tobe,Hewitt,Tobe.Hewitt@yopmail.com,Tobe.Hewitt@gmail.com,worker
960,Reeba,Fairweather,Reeba.Fairweather@yopmail.com,Reeba.Fairweather@gmail.com,developer
961,Michaelina,Taam,Michaelina.Taam@yopmail.com,Michaelina.Taam@gmail.com,developer
962,Janenna,Grimbly,Janenna.Grimbly@yopmail.com,Janenna.Grimbly@gmail.com,worker
963,Goldie,Rudolph,Goldie.Rudolph@yopmail.com,Goldie.Rudolph@gmail.com,developer
964,Sissy,Sammons,Sissy.Sammons@yopmail.com,Sissy.Sammons@gmail.com,developer
965,Theodora,Carleen,Theodora.Carleen@yopmail.com,Theodora.Carleen@gmail.com,doctor
966,Ashlee,Marden,Ashlee.Marden@yopmail.com,Ashlee.Marden@gmail.com,worker
967,Iseabal,Gilmour,Iseabal.Gilmour@yopmail.com,Iseabal.Gilmour@gmail.com,firefighter
968,Doro,Chrystel,Doro.Chrystel@yopmail.com,Doro.Chrystel@gmail.com,developer
969,Sue,Rebecka,Sue.Rebecka@yopmail.com,Sue.Rebecka@gmail.com,firefighter
970,Roz,Hashim,Roz.Hashim@yopmail.com,Roz.Hashim@gmail.com,worker
971,Vinita,Autrey,Vinita.Autrey@yopmail.com,Vinita.Autrey@gmail.com,worker
972,Raina,Kristi,Raina.Kristi@yopmail.com,Raina.Kristi@gmail.com,police officer
973,Desirae,Warthman,Desirae.Warthman@yopmail.com,Desirae.Warthman@gmail.com,developer
974,Kayla,Bergman,Kayla.Bergman@yopmail.com,Kayla.Bergman@gmail.com,doctor
975,Vinita,Cherianne,Vinita.Cherianne@yopmail.com,Vinita.Cherianne@gmail.com,doctor
976,Aaren,Brandice,Aaren.Brandice@yopmail.com,Aaren.Brandice@gmail.com,worker
977,Fina,Euridice,Fina.Euridice@yopmail.com,Fina.Euridice@gmail.com,worker
978,Janenna,Gombach,Janenna.Gombach@yopmail.com,Janenna.Gombach@gmail.com,doctor
979,Bettine,Truc,Bettine.Truc@yopmail.com,Bettine.Truc@gmail.com,firefighter
980,Florie,Greenwald,Florie.Greenwald@yopmail.com,Florie.Greenwald@gmail.com,firefighter
981,Kristan,Dahlia,Kristan.Dahlia@yopmail.com,Kristan.Dahlia@gmail.com,worker
982,Kittie,Sophronia,Kittie.Sophronia@yopmail.com,Kittie.Sophronia@gmail.com,developer
983,Britte,Holbrook,Britte.Holbrook@yopmail.com,Britte.Holbrook@gmail.com,police officer
984,Aigneis,Kesley,Aigneis.Kesley@yopmail.com,Aigneis.Kesley@gmail.com,police officer
985,Emma,Greyson,Emma.Greyson@yopmail.com,Emma.Greyson@gmail.com,doctor
986,Gwenneth,Redmond,Gwenneth.Redmond@yopmail.com,Gwenneth.Redmond@gmail.com,police officer
987,Tobe,Celestine,Tobe.Celestine@yopmail.com,Tobe.Celestine@gmail.com,doctor
988,Jessy,Edmund,Jessy.Edmund@yopmail.com,Jessy.Edmund@gmail.com,firefighter
989,Rochette,Carleen,Rochette.Carleen@yopmail.com,Rochette.Carleen@gmail.com,doctor
990,Justinn,Tannie,Justinn.Tannie@yopmail.com,Justinn.Tannie@gmail.com,doctor
991,Lisette,Lauraine,Lisette.Lauraine@yopmail.com,Lisette.Lauraine@gmail.com,firefighter
992,Jasmina,Karna,Jasmina.Karna@yopmail.com,Jasmina.Karna@gmail.com,worker
993,Johna,Nadia,Johna.Nadia@yopmail.com,Johna.Nadia@gmail.com,developer
994,Karena,Randene,Karena.Randene@yopmail.com,Karena.Randene@gmail.com,developer
995,Lacie,Pernick,Lacie.Pernick@yopmail.com,Lacie.Pernick@gmail.com,doctor
996,Ruthe,Obed,Ruthe.Obed@yopmail.com,Ruthe.Obed@gmail.com,police officer
997,Leeanne,Carey,Leeanne.Carey@yopmail.com,Leeanne.Carey@gmail.com,firefighter
998,Elvira,Kronfeld,Elvira.Kronfeld@yopmail.com,Elvira.Kronfeld@gmail.com,police officer
999,Yetty,Nickola,Yetty.Nickola@yopmail.com,Yetty.Nickola@gmail.com,worker
1000,Sindee,Nahum,Sindee.Nahum@yopmail.com,Sindee.Nahum@gmail.com,developer
1001,Aurelie,Salvidor,Aurelie.Salvidor@yopmail.com,Aurelie.Salvidor@gmail.com,police officer
1002,Nessie,Primalia,Nessie.Primalia@yopmail.com,Nessie.Primalia@gmail.com,worker
1003,Ericka,Ovid,Ericka.Ovid@yopmail.com,Ericka.Ovid@gmail.com,worker
1004,Emelina,Gamaliel,Emelina.Gamaliel@yopmail.com,Emelina.Gamaliel@gmail.com,developer
1005,Annice,Ludewig,Annice.Ludewig@yopmail.com,Annice.Ludewig@gmail.com,firefighter
1006,Loree,Pip,Loree.Pip@yopmail.com,Loree.Pip@gmail.com,developer
1007,Annaliese,Center,Annaliese.Center@yopmail.com,Annaliese.Center@gmail.com,police officer
1008,Carol-Jean,Thar,Carol-Jean.Thar@yopmail.com,Carol-Jean.Thar@gmail.com,firefighter
1009,Clementine,Lutero,Clementine.Lutero@yopmail.com,Clementine.Lutero@gmail.com,worker
1010,Chloris,Rad,Chloris.Rad@yopmail.com,Chloris.Rad@gmail.com,doctor
1011,Felice,Yusuk,Felice.Yusuk@yopmail.com,Felice.Yusuk@gmail.com,developer
1012,Brianna,Gino,Brianna.Gino@yopmail.com,Brianna.Gino@gmail.com,firefighter
1013,Deedee,Gombach,Deedee.Gombach@yopmail.com,Deedee.Gombach@gmail.com,developer
1014,Adele,Dex,Adele.Dex@yopmail.com,Adele.Dex@gmail.com,developer
1015,Ermengarde,Carolin,Ermengarde.Carolin@yopmail.com,Ermengarde.Carolin@gmail.com,developer
1016,Jacenta,Franza,Jacenta.Franza@yopmail.com,Jacenta.Franza@gmail.com,doctor
1017,Ashlee,Sinegold,Ashlee.Sinegold@yopmail.com,Ashlee.Sinegold@gmail.com,firefighter
1018,Cassandra,Borrell,Cassandra.Borrell@yopmail.com,Cassandra.Borrell@gmail.com,police officer
1019,Mureil,Croix,Mureil.Croix@yopmail.com,Mureil.Croix@gmail.com,firefighter
1020,Lusa,Johnsson,Lusa.Johnsson@yopmail.com,Lusa.Johnsson@gmail.com,police officer
1021,Roseline,Longfellow,Roseline.Longfellow@yopmail.com,Roseline.Longfellow@gmail.com,firefighter
1022,Shell,Ludewig,Shell.Ludewig@yopmail.com,Shell.Ludewig@gmail.com,worker
1023,Leanna,Lynn,Leanna.Lynn@yopmail.com,Leanna.Lynn@gmail.com,firefighter
1024,Elie,Pozzy,Elie.Pozzy@yopmail.com,Elie.Pozzy@gmail.com,developer
1025,Maridel,Greyson,Maridel.Greyson@yopmail.com,Maridel.Greyson@gmail.com,doctor
1026,Tiffie,Beniamino,Tiffie.Beniamino@yopmail.com,Tiffie.Beniamino@gmail.com,doctor
1027,Hannis,Berriman,Hannis.Berriman@yopmail.com,Hannis.Berriman@gmail.com,developer
1028,Zsa Zsa,Kristi,Zsa Zsa.Kristi@yopmail.com,Zsa Zsa.Kristi@gmail.com,firefighter
1029,Aaren,Janith,Aaren.Janith@yopmail.com,Aaren.Janith@gmail.com,police officer
1030,Aaren,Shanley,Aaren.Shanley@yopmail.com,Aaren.Shanley@gmail.com,worker
1031,Sashenka,Germann,Sashenka.Germann@yopmail.com,Sashenka.Germann@gmail.com,developer
1032,Willetta,Duwalt,Willetta.Duwalt@yopmail.com,Willetta.Duwalt@gmail.com,worker
1033,Corina,Marlie,Corina.Marlie@yopmail.com,Corina.Marlie@gmail.com,firefighter
1034,Jean,Gamaliel,Jean.Gamaliel@yopmail.com,Jean.Gamaliel@gmail.com,worker
1035,Kial,Ammann,Kial.Ammann@yopmail.com,Kial.Ammann@gmail.com,police officer
1036,Charmaine,Rosette,Charmaine.Rosette@yopmail.com,Charmaine.Rosette@gmail.com,doctor
1037,Steffane,Center,Steffane.Center@yopmail.com,Steffane.Center@gmail.com,firefighter
1038,Cecile,Kat,Cecile.Kat@yopmail.com,Cecile.Kat@gmail.com,doctor
1039,Deedee,Quent,Deedee.Quent@yopmail.com,Deedee.Quent@gmail.com,doctor
1040,Kerrin,Kronfeld,Kerrin.Kronfeld@yopmail.com,Kerrin.Kronfeld@gmail.com,doctor
1041,Gertrud,Neva,Gertrud.Neva@yopmail.com,Gertrud.Neva@gmail.com,firefighter
1042,Silvana,Roumell,Silvana.Roumell@yopmail.com,Silvana.Roumell@gmail.com,doctor
1043,Dulcinea,Kenwood,Dulcinea.Kenwood@yopmail.com,Dulcinea.Kenwood@gmail.com,police officer
1044,Cathyleen,Dulciana,Cathyleen.Dulciana@yopmail.com,Cathyleen.Dulciana@gmail.com,developer
1045,Heddie,Hathaway,Heddie.Hathaway@yopmail.com,Heddie.Hathaway@gmail.com,police officer
1046,Angela,Andrel,Angela.Andrel@yopmail.com,Angela.Andrel@gmail.com,worker
1047,Tami,Couture,Tami.Couture@yopmail.com,Tami.Couture@gmail.com,firefighter
1048,Raf,Pip,Raf.Pip@yopmail.com,Raf.Pip@gmail.com,worker
1049,Felice,Bultman,Felice.Bultman@yopmail.com,Felice.Bultman@gmail.com,developer
1050,Leanna,Virgin,Leanna.Virgin@yopmail.com,Leanna.Virgin@gmail.com,doctor
1051,Berta,Gombach,Berta.Gombach@yopmail.com,Berta.Gombach@gmail.com,firefighter
1052,Rosanne,Ruvolo,Rosanne.Ruvolo@yopmail.com,Rosanne.Ruvolo@gmail.com,doctor
1053,Lucille,Fink,Lucille.Fink@yopmail.com,Lucille.Fink@gmail.com,doctor
1054,Tressa,Thunell,Tressa.Thunell@yopmail.com,Tressa.Thunell@gmail.com,worker
1055,Nelle,Guthrie,Nelle.Guthrie@yopmail.com,Nelle.Guthrie@gmail.com,worker
1056,Lizzie,Emanuel,Lizzie.Emanuel@yopmail.com,Lizzie.Emanuel@gmail.com,worker
1057,Dione,Byrne,Dione.Byrne@yopmail.com,Dione.Byrne@gmail.com,developer
1058,Isa,Ogren,Isa.Ogren@yopmail.com,Isa.Ogren@gmail.com,police officer
1059,Marline,Bandeen,Marline.Bandeen@yopmail.com,Marline.Bandeen@gmail.com,worker
1060,Merrie,Orlene,Merrie.Orlene@yopmail.com,Merrie.Orlene@gmail.com,worker
1061,Natka,Rad,Natka.Rad@yopmail.com,Natka.Rad@gmail.com,doctor
1062,Celene,Selway,Celene.Selway@yopmail.com,Celene.Selway@gmail.com,doctor
1063,Aurelie,Huggins,Aurelie.Huggins@yopmail.com,Aurelie.Huggins@gmail.com,worker
1064,Etta,Bettine,Etta.Bettine@yopmail.com,Etta.Bettine@gmail.com,developer
1065,Renae,Christal,Renae.Christal@yopmail.com,Renae.Christal@gmail.com,worker
1066,Nollie,Morrill,Nollie.Morrill@yopmail.com,Nollie.Morrill@gmail.com,police officer
1067,Ilse,Carvey,Ilse.Carvey@yopmail.com,Ilse.Carvey@gmail.com,police officer
1068,Blondelle,Cressida,Blondelle.Cressida@yopmail.com,Blondelle.Cressida@gmail.com,firefighter
1069,Dianemarie,Havens,Dianemarie.Havens@yopmail.com,Dianemarie.Havens@gmail.com,police officer
1070,Chastity,Eben,Chastity.Eben@yopmail.com,Chastity.Eben@gmail.com,developer
1071,Nataline,Wilkinson,Nataline.Wilkinson@yopmail.com,Nataline.Wilkinson@gmail.com,firefighter
1072,Charissa,Fillbert,Charissa.Fillbert@yopmail.com,Charissa.Fillbert@gmail.com,worker
1073,Hildegaard,Malanie,Hildegaard.Malanie@yopmail.com,Hildegaard.Malanie@gmail.com,worker
1074,Roseline,Beebe,Roseline.Beebe@yopmail.com,Roseline.Beebe@gmail.com,police officer
1075,Heddie,Anis,Heddie.Anis@yopmail.com,Heddie.Anis@gmail.com,worker
1076,Rubie,McGrody,Rubie.McGrody@yopmail.com,Rubie.McGrody@gmail.com,firefighter
1077,Frances,Suk,Frances.Suk@yopmail.com,Frances.Suk@gmail.com,police officer
1078,Courtnay,Ethban,Courtnay.Ethban@yopmail.com,Courtnay.Ethban@gmail.com,police officer
1079,Madeleine,Cyrie,Madeleine.Cyrie@yopmail.com,Madeleine.Cyrie@gmail.com,doctor
1080,Tabbatha,Maples,Tabbatha.Maples@yopmail.com,Tabbatha.Maples@gmail.com,worker
1081,Bill,Mata,Bill.Mata@yopmail.com,Bill.Mata@gmail.com,police officer
1082,Anestassia,Jacinda,Anestassia.Jacinda@yopmail.com,Anestassia.Jacinda@gmail.com,developer
1083,Maisey,Latini,Maisey.Latini@yopmail.com,Maisey.Latini@gmail.com,police officer
1084,Rivalee,Maroney,Rivalee.Maroney@yopmail.com,Rivalee.Maroney@gmail.com,developer
1085,Angelique,Myrilla,Angelique.Myrilla@yopmail.com,Angelique.Myrilla@gmail.com,police officer
1086,Vere,Kaja,Vere.Kaja@yopmail.com,Vere.Kaja@gmail.com,doctor
1087,Alia,Norvol,Alia.Norvol@yopmail.com,Alia.Norvol@gmail.com,doctor
1088,Ericka,Norrie,Ericka.Norrie@yopmail.com,Ericka.Norrie@gmail.com,doctor
1089,Melisent,Cath,Melisent.Cath@yopmail.com,Melisent.Cath@gmail.com,firefighter
1090,Jenda,Lasley,Jenda.Lasley@yopmail.com,Jenda.Lasley@gmail.com,firefighter
1091,Desirae,Evvie,Desirae.Evvie@yopmail.com,Desirae.Evvie@gmail.com,developer
1092,Genovera,Torray,Genovera.Torray@yopmail.com,Genovera.Torray@gmail.com,firefighter
1093,Millie,Viddah,Millie.Viddah@yopmail.com,Millie.Viddah@gmail.com,worker
1094,Lanae,Auberbach,Lanae.Auberbach@yopmail.com,Lanae.Auberbach@gmail.com,police officer
1095,Tamqrah,Pulsifer,Tamqrah.Pulsifer@yopmail.com,Tamqrah.Pulsifer@gmail.com,firefighter
1096,Dawn,Strephon,Dawn.Strephon@yopmail.com,Dawn.Strephon@gmail.com,worker
1097,Lynnea,Holbrook,Lynnea.Holbrook@yopmail.com,Lynnea.Holbrook@gmail.com,police officer
1098,Dianemarie,Fadiman,Dianemarie.Fadiman@yopmail.com,Dianemarie.Fadiman@gmail.com,police officer
1099,Aaren,Atcliffe,Aaren.Atcliffe@yopmail.com,Aaren.Atcliffe@gmail.com,doctor